date,open,high,low,close,volume,Name
2015-01-01,312.45,315.0,310.7,314.0,6138488,SBIN
2015-01-02,314.35,318.3,314.35,315.25,9935094,SBIN
2015-01-05,316.25,316.8,312.1,312.75,9136716,SBIN
2015-01-06,310.0,311.1,298.7,299.9,15329257,SBIN
2015-01-07,300.0,302.55,295.15,300.15,15046745,SBIN
2015-01-08,305.0,306.5,302.35,304.85,8939749,SBIN
2015-01-09,306.7,307.85,302.0,303.2,11953948,SBIN
2015-01-12,304.15,307.8,301.1,307.1,8536142,SBIN
2015-01-13,308.15,310.75,304.15,305.1,9484804,SBIN
2015-01-14,304.0,307.0,302.25,304.7,8855660,SBIN
2015-01-15,319.9,323.7,314.0,320.3,30729523,SBIN
2015-01-16,320.0,320.3,313.1,315.45,21598514,SBIN
2015-01-19,316.55,317.95,312.5,313.15,9975658,SBIN
2015-01-20,314.0,319.8,314.0,318.15,13104643,SBIN
2015-01-21,319.9,327.6,319.0,326.2,22617660,SBIN
2015-01-22,326.9,327.6,321.8,324.65,12232626,SBIN
2015-01-23,328.25,332.55,324.65,327.45,17127278,SBIN
2015-01-27,329.4,332.15,322.6,330.05,13734088,SBIN
2015-01-28,330.4,336.0,328.2,334.6,19428852,SBIN
2015-01-29,332.8,333.6,325.1,327.0,14911660,SBIN
2015-01-30,328.7,330.5,307.0,308.95,30252827,SBIN
2015-02-02,309.5,311.9,305.1,307.5,17639807,SBIN
2015-02-03,312.0,312.0,299.05,300.3,23743882,SBIN
2015-02-04,302.7,302.95,291.9,293.05,21477507,SBIN
2015-02-05,293.15,297.8,289.2,290.8,15722348,SBIN
2015-02-06,291.0,294.85,285.7,290.3,15985714,SBIN
2015-02-09,289.5,292.8,278.0,279.5,17088719,SBIN
2015-02-10,277.5,290.8,275.7,287.3,22589681,SBIN
2015-02-11,290.8,293.5,283.7,285.95,17366588,SBIN
2015-02-12,288.9,289.0,278.3,284.3,20957180,SBIN
2015-02-13,288.0,307.95,285.35,306.95,70540056,SBIN
2015-02-16,310.6,313.15,304.7,306.7,21372131,SBIN
2015-02-18,306.8,307.9,302.0,305.7,13472484,SBIN
2015-02-19,306.1,307.3,296.8,302.35,17762135,SBIN
2015-02-20,301.9,306.5,297.05,302.3,15792502,SBIN
2015-02-23,303.2,304.6,294.4,296.55,12440505,SBIN
2015-02-24,296.9,299.0,292.1,296.25,15046698,SBIN
2015-02-25,299.0,300.65,295.0,295.55,12845169,SBIN
2015-02-26,297.0,297.0,288.05,289.4,18707345,SBIN
2015-02-27,291.25,301.0,290.1,299.9,18316053,SBIN
2015-02-28,304.95,306.4,295.1,301.65,25014393,SBIN
2015-03-02,305.9,305.9,296.7,302.0,15085595,SBIN
2015-03-03,303.5,305.4,299.7,302.6,14387971,SBIN
2015-03-04,314.0,315.0,292.0,293.85,38674148,SBIN
2015-03-05,294.75,296.25,289.75,293.8,16803823,SBIN
2015-03-09,292.0,294.0,288.7,290.65,13199803,SBIN
2015-03-10,290.75,293.25,285.1,287.6,14064427,SBIN
2015-03-11,288.55,290.9,283.75,285.15,16329314,SBIN
2015-03-12,288.15,289.45,286.1,286.85,9969794,SBIN
2015-03-13,290.0,291.05,280.0,280.75,13414248,SBIN
2015-03-16,281.5,283.85,280.0,281.65,15132928,SBIN
2015-03-17,283.9,284.0,279.5,283.1,11350496,SBIN
2015-03-18,284.1,288.45,282.0,287.3,12394230,SBIN
2015-03-19,290.0,290.3,280.6,281.6,11046649,SBIN
2015-03-20,281.8,282.4,276.8,278.25,11482652,SBIN
2015-03-23,279.4,280.0,273.55,274.75,13058026,SBIN
2015-03-24,273.8,276.4,269.0,270.55,17585259,SBIN
2015-03-25,271.9,272.1,265.0,265.4,15824629,SBIN
2015-03-26,264.5,265.9,255.2,256.65,22253318,SBIN
2015-03-27,259.85,264.95,256.0,263.6,19423101,SBIN
2015-03-30,265.1,269.35,263.15,267.9,12303870,SBIN
2015-03-31,268.9,271.35,266.0,267.05,19482636,SBIN
2015-04-01,266.65,274.65,263.15,273.45,12383589,SBIN
2015-04-06,275.45,275.75,271.2,274.65,12925445,SBIN
2015-04-07,275.3,276.35,270.3,272.05,12933524,SBIN
2015-04-08,271.9,277.35,271.85,273.9,9913899,SBIN
2015-04-09,275.0,281.8,272.5,280.85,13471276,SBIN
2015-04-10,281.0,287.35,280.05,285.75,16880558,SBIN
2015-04-13,287.8,288.5,283.35,286.3,11985436,SBIN
2015-04-15,287.4,294.45,285.95,290.0,17289500,SBIN
2015-04-16,290.25,294.25,286.5,292.4,15043998,SBIN
2015-04-17,291.0,294.9,289.2,291.75,16819018,SBIN
2015-04-20,291.0,293.35,284.85,287.65,13788536,SBIN
2015-04-21,287.4,292.0,281.75,289.2,15487948,SBIN
2015-04-22,290.55,293.25,275.4,283.85,17741741,SBIN
2015-04-23,285.0,287.4,276.25,277.65,13874710,SBIN
2015-04-24,278.35,279.6,274.35,275.55,10049508,SBIN
2015-04-27,276.55,276.55,266.1,267.05,12394191,SBIN
2015-04-28,267.0,273.5,265.15,272.5,12693457,SBIN
2015-04-29,272.25,273.4,269.55,271.9,8217676,SBIN
2015-04-30,270.1,273.45,266.7,269.75,21635216,SBIN
2015-05-04,274.0,278.0,271.65,277.15,8012690,SBIN
2015-05-05,277.0,277.0,271.35,272.05,7102772,SBIN
2015-05-06,271.45,273.6,263.25,265.4,16335660,SBIN
2015-05-07,264.0,267.25,259.65,260.95,15962706,SBIN
2015-05-08,264.0,268.0,260.3,261.95,14044596,SBIN
2015-05-11,263.4,277.2,262.6,276.05,17198308,SBIN
2015-05-12,275.3,275.4,266.35,267.4,12792368,SBIN
2015-05-13,269.9,275.0,268.05,274.3,9245732,SBIN
2015-05-14,274.0,281.9,272.95,280.95,13101418,SBIN
2015-05-15,282.0,288.35,282.0,287.45,18247889,SBIN
2015-05-18,289.9,290.0,285.4,289.75,13266119,SBIN
2015-05-19,289.2,291.35,286.2,288.45,14541041,SBIN
2015-05-20,289.5,294.8,289.25,292.6,11807544,SBIN
2015-05-21,294.0,294.75,288.45,290.25,12118415,SBIN
2015-05-22,293.0,305.0,280.75,282.45,69490117,SBIN
2015-05-25,280.2,284.3,276.15,277.65,20356833,SBIN
2015-05-26,279.0,280.8,276.0,277.15,9675703,SBIN
2015-05-27,277.0,281.6,274.2,280.75,12176680,SBIN
2015-05-28,279.8,279.8,276.1,277.6,13024987,SBIN
2015-05-29,278.65,281.65,277.1,278.15,14809918,SBIN
2015-06-01,278.65,282.0,277.55,278.2,11567692,SBIN
2015-06-02,278.8,279.45,265.35,266.25,21653784,SBIN
2015-06-03,267.0,267.3,255.05,257.4,25967877,SBIN
2015-06-04,259.9,261.4,253.75,257.6,20210546,SBIN
2015-06-05,257.0,262.0,255.6,257.8,13539638,SBIN
2015-06-08,258.75,258.75,252.55,254.95,17384700,SBIN
2015-06-09,255.0,258.3,254.0,257.6,15275972,SBIN
2015-06-10,259.0,262.55,258.5,260.6,10910978,SBIN
2015-06-11,262.25,262.95,252.65,254.0,20857622,SBIN
2015-06-12,254.05,255.5,251.8,253.95,11440479,SBIN
2015-06-15,255.0,255.6,248.85,250.25,13545280,SBIN
2015-06-16,250.25,255.75,249.0,254.6,9896598,SBIN
2015-06-17,256.0,256.9,253.5,255.1,11241061,SBIN
2015-06-18,256.45,260.7,255.2,258.1,11598549,SBIN
2015-06-19,259.9,263.1,258.15,260.15,12216399,SBIN
2015-06-22,260.9,267.4,260.8,266.0,11051382,SBIN
2015-06-23,269.4,271.2,266.25,267.75,16180083,SBIN
2015-06-24,267.7,267.9,260.5,262.35,8361760,SBIN
2015-06-25,261.25,266.0,259.05,264.8,16506503,SBIN
2015-06-26,264.1,266.9,261.05,265.2,14588452,SBIN
2015-06-29,258.75,260.8,255.0,259.65,15040805,SBIN
2015-06-30,259.25,263.35,257.6,262.75,14181965,SBIN
2015-07-01,263.1,269.5,262.55,267.75,12072024,SBIN
2015-07-02,267.9,271.25,266.1,267.85,8741783,SBIN
2015-07-03,267.35,270.0,266.8,269.4,7238541,SBIN
2015-07-06,263.2,271.5,262.0,270.8,9458200,SBIN
2015-07-07,270.4,274.65,270.0,272.9,12523410,SBIN
2015-07-08,269.9,271.0,265.6,267.35,12669850,SBIN
2015-07-09,267.0,271.3,267.0,267.75,6469504,SBIN
2015-07-10,270.25,271.0,266.25,270.55,8788162,SBIN
2015-07-13,272.0,274.35,267.9,273.7,8423083,SBIN
2015-07-14,273.6,273.6,267.15,268.2,10337307,SBIN
2015-07-15,268.75,271.7,267.15,268.05,7483918,SBIN
2015-07-16,269.75,272.75,268.1,272.2,8354120,SBIN
2015-07-17,272.4,274.0,270.5,271.1,5571891,SBIN
2015-07-20,272.0,272.0,266.15,267.45,6418930,SBIN
2015-07-21,267.0,269.8,263.5,264.3,5638653,SBIN
2015-07-22,263.7,269.4,261.9,268.55,11322177,SBIN
2015-07-23,268.5,272.0,267.25,270.05,6376216,SBIN
2015-07-24,268.7,270.35,262.1,263.25,7796401,SBIN
2015-07-27,263.2,263.4,258.05,258.45,6788558,SBIN
2015-07-28,260.25,263.9,258.35,259.2,10788886,SBIN
2015-07-29,260.0,260.7,252.3,253.6,9997136,SBIN
2015-07-30,253.6,259.5,253.6,256.8,10536937,SBIN
2015-07-31,258.0,273.75,257.55,270.05,20534806,SBIN
2015-08-03,270.0,283.0,269.9,281.05,21901780,SBIN
2015-08-04,282.5,289.95,276.4,288.6,28858887,SBIN
2015-08-05,289.1,291.8,284.25,285.4,10169558,SBIN
2015-08-06,285.6,290.8,282.0,289.05,15372143,SBIN
2015-08-07,288.5,288.5,280.2,281.3,13845614,SBIN
2015-08-10,282.05,286.0,280.1,282.75,14694901,SBIN
2015-08-11,285.8,289.45,267.5,268.8,39233644,SBIN
2015-08-12,267.45,267.45,255.05,256.35,29724325,SBIN
2015-08-13,259.75,262.85,258.15,259.3,16360033,SBIN
2015-08-14,261.9,269.4,259.25,268.5,14852873,SBIN
2015-08-17,272.0,281.9,270.8,279.75,27500063,SBIN
2015-08-18,280.8,288.0,275.55,284.8,27728824,SBIN
2015-08-19,283.9,285.95,275.55,278.0,15452575,SBIN
2015-08-20,277.65,281.65,268.0,270.55,14577599,SBIN
2015-08-21,261.5,268.9,256.2,267.5,19030056,SBIN
2015-08-24,254.7,257.7,242.4,245.4,29561705,SBIN
2015-08-25,250.0,254.8,240.0,253.35,23492839,SBIN
2015-08-26,252.5,253.3,245.0,245.7,16325529,SBIN
2015-08-27,251.15,252.0,248.1,249.45,21076926,SBIN
2015-08-28,254.5,255.9,247.45,248.95,16644381,SBIN
2015-08-31,249.0,251.35,245.0,247.35,21645114,SBIN
2015-09-01,244.85,244.85,237.7,239.1,19689080,SBIN
2015-09-02,242.65,243.0,230.1,230.55,23655457,SBIN
2015-09-03,232.65,235.4,231.0,232.25,14680299,SBIN
2015-09-04,231.9,231.9,224.0,225.15,20466346,SBIN
2015-09-07,227.1,227.5,220.15,221.1,15424783,SBIN
2015-09-08,223.0,230.25,221.15,228.35,16189253,SBIN
2015-09-09,233.95,234.5,229.1,231.65,18237115,SBIN
2015-09-10,227.35,229.8,224.1,227.45,14195882,SBIN
2015-09-11,230.9,233.3,228.0,230.1,13650937,SBIN
2015-09-14,231.55,236.0,230.0,235.25,10671222,SBIN
2015-09-15,235.2,238.45,232.65,234.0,13193410,SBIN
2015-09-16,236.4,237.75,235.0,236.8,11272509,SBIN
2015-09-18,240.0,246.45,239.5,242.0,16049395,SBIN
2015-09-21,239.55,246.0,237.25,245.25,9602436,SBIN
2015-09-22,247.95,248.45,236.25,237.95,13667322,SBIN
2015-09-23,235.0,241.9,233.6,239.85,13614082,SBIN
2015-09-24,239.45,241.45,238.05,239.05,9299508,SBIN
2015-09-28,241.0,243.65,238.65,239.45,8588230,SBIN
2015-09-29,236.0,245.4,232.2,241.9,24488685,SBIN
2015-09-30,244.85,245.4,235.7,237.15,17011911,SBIN
2015-10-01,241.2,241.9,234.4,235.15,11590498,SBIN
2015-10-05,238.1,241.35,237.25,240.0,18307463,SBIN
2015-10-06,242.7,242.8,237.7,240.1,10087077,SBIN
2015-10-07,240.15,244.25,239.05,243.55,10608795,SBIN
2015-10-08,242.45,245.2,241.1,243.3,9230511,SBIN
2015-10-09,245.5,247.8,240.65,243.45,12171416,SBIN
2015-10-12,244.1,245.65,241.3,244.55,7566962,SBIN
2015-10-13,244.0,247.5,242.05,243.8,10200698,SBIN
2015-10-14,243.7,246.8,243.2,244.25,7895820,SBIN
2015-10-15,246.0,249.9,245.5,248.95,11582401,SBIN
2015-10-16,249.85,257.15,248.35,254.85,11738832,SBIN
2015-10-19,256.65,257.1,253.5,254.5,8969153,SBIN
2015-10-20,254.5,257.1,253.2,254.85,8811740,SBIN
2015-10-21,254.0,255.9,248.55,249.8,8606466,SBIN
2015-10-23,253.0,254.85,252.0,253.4,7544810,SBIN
2015-10-26,254.75,256.0,250.35,251.25,13085058,SBIN
2015-10-27,250.1,252.2,248.1,248.8,6565348,SBIN
2015-10-28,248.0,249.45,241.2,242.05,12310403,SBIN
2015-10-29,241.5,241.8,236.45,236.95,16114932,SBIN
2015-10-30,238.7,240.4,235.1,237.05,8669606,SBIN
2015-11-02,238.0,238.0,232.7,236.9,7611610,SBIN
2015-11-03,239.35,239.7,235.0,235.95,8323201,SBIN
2015-11-04,239.2,240.5,237.0,239.0,8418352,SBIN
2015-11-05,238.0,239.0,233.1,233.9,8906564,SBIN
2015-11-06,235.6,244.8,233.0,243.0,30821077,SBIN
2015-11-09,236.0,248.3,235.6,246.1,22806485,SBIN
2015-11-10,244.9,247.25,240.1,241.2,11767845,SBIN
2015-11-11,243.0,244.25,242.55,243.15,2061681,SBIN
2015-11-13,241.5,241.8,237.7,240.25,9082062,SBIN
2015-11-16,239.5,249.35,239.1,248.3,14051479,SBIN
2015-11-17,250.0,251.65,246.7,247.85,11273394,SBIN
2015-11-18,247.6,248.7,239.45,241.0,10397889,SBIN
2015-11-19,243.05,245.0,241.4,243.9,7325199,SBIN
2015-11-20,243.95,249.9,242.0,242.95,13718619,SBIN
2015-11-23,243.9,245.25,240.55,242.7,10552151,SBIN
2015-11-24,242.5,244.0,240.6,241.4,6651669,SBIN
2015-11-26,241.95,244.9,241.0,242.5,13629888,SBIN
2015-11-27,243.0,250.5,242.8,249.7,15149912,SBIN
2015-11-30,249.65,253.0,245.0,250.2,12865469,SBIN
2015-12-01,250.85,251.9,249.3,250.2,9501537,SBIN
2015-12-02,250.55,250.65,243.75,244.6,10881754,SBIN
2015-12-03,244.15,244.5,240.4,241.1,7155630,SBIN
2015-12-04,240.0,242.15,238.05,241.1,11115170,SBIN
2015-12-07,242.95,242.95,238.0,238.65,7531729,SBIN
2015-12-08,238.1,239.95,235.3,235.95,8254434,SBIN
2015-12-09,235.4,238.2,233.6,234.4,7408777,SBIN
2015-12-10,236.0,236.75,230.6,231.95,11713559,SBIN
2015-12-11,232.9,233.9,225.1,227.3,12872949,SBIN
2015-12-14,224.9,227.7,224.0,225.95,12464883,SBIN
2015-12-15,227.0,227.15,224.0,226.4,10404430,SBIN
2015-12-16,227.75,229.6,225.25,227.3,13030720,SBIN
2015-12-17,230.0,232.4,228.5,230.9,14539096,SBIN
2015-12-18,229.95,232.35,225.8,226.5,18871084,SBIN
2015-12-21,226.9,231.0,226.5,230.45,9557098,SBIN
2015-12-22,231.65,232.25,227.5,228.35,9155574,SBIN
2015-12-23,230.25,231.0,228.9,229.65,7914311,SBIN
2015-12-24,230.85,231.0,227.6,228.3,7257958,SBIN
2015-12-28,229.05,229.95,228.0,228.9,8756879,SBIN
2015-12-29,228.85,229.95,227.5,228.2,7263286,SBIN
2015-12-30,229.0,229.7,224.85,225.8,11702877,SBIN
2015-12-31,225.95,226.55,224.0,224.45,11558305,SBIN
2016-01-01,225.0,228.9,224.5,227.8,6449426,SBIN
2016-01-04,226.95,226.95,220.05,220.7,14092071,SBIN
2016-01-05,222.8,222.8,217.0,217.75,15074848,SBIN
2016-01-06,217.9,219.9,216.4,216.85,11921123,SBIN
2016-01-07,214.0,214.1,209.0,209.55,14342279,SBIN
2016-01-08,212.0,212.5,208.6,208.95,11745840,SBIN
2016-01-11,206.8,207.5,202.65,204.3,19287860,SBIN
2016-01-12,204.85,205.0,198.6,199.4,20318816,SBIN
2016-01-13,201.35,202.4,194.0,200.9,23788247,SBIN
2016-01-14,197.0,201.5,194.3,196.05,20256636,SBIN
2016-01-15,197.8,197.8,181.0,184.3,29090426,SBIN
2016-01-18,184.9,188.15,179.15,181.0,35653244,SBIN
2016-01-19,182.15,187.8,181.5,182.95,24501774,SBIN
2016-01-20,180.65,180.65,171.5,173.65,28655794,SBIN
2016-01-21,177.0,178.65,172.05,175.6,28697205,SBIN
2016-01-22,179.9,185.4,178.3,184.6,21432409,SBIN
2016-01-25,187.9,188.8,182.5,182.95,17534650,SBIN
2016-01-27,184.4,186.2,181.05,184.4,16569813,SBIN
2016-01-28,184.2,185.9,182.5,185.25,20241030,SBIN
2016-01-29,184.2,185.75,178.1,179.9,24259147,SBIN
2016-02-01,181.95,181.95,172.1,172.75,22915269,SBIN
2016-02-02,173.1,177.4,168.6,169.4,35957332,SBIN
2016-02-03,167.8,167.8,163.25,166.05,24132003,SBIN
2016-02-04,169.3,169.8,160.2,162.85,23811109,SBIN
2016-02-05,163.7,169.3,162.2,168.2,22732245,SBIN
2016-02-08,169.45,176.9,168.55,172.15,22289005,SBIN
2016-02-09,168.0,172.4,166.1,167.05,19008384,SBIN
2016-02-10,165.0,166.2,158.0,159.0,32294785,SBIN
2016-02-11,159.5,167.5,152.2,154.25,72749830,SBIN
2016-02-12,156.15,157.65,148.25,154.8,41187889,SBIN
2016-02-15,159.0,170.0,158.0,167.85,35956266,SBIN
2016-02-16,170.75,170.75,155.65,156.4,33816243,SBIN
2016-02-17,155.0,159.85,151.25,158.95,32447698,SBIN
2016-02-18,161.95,163.7,156.4,159.8,21024178,SBIN
2016-02-19,157.9,165.3,157.1,164.7,24592575,SBIN
2016-02-22,165.95,166.8,163.7,164.95,15815058,SBIN
2016-02-23,165.0,165.0,158.0,158.5,20200068,SBIN
2016-02-24,156.0,160.7,155.3,156.3,19440950,SBIN
2016-02-25,157.6,158.1,151.0,151.8,22713124,SBIN
2016-02-26,155.5,158.7,152.55,155.9,30051402,SBIN
2016-02-29,158.2,163.9,153.0,158.75,66981910,SBIN
2016-03-01,160.5,162.9,158.55,162.05,23588231,SBIN
2016-03-02,172.5,183.2,172.5,181.15,53333757,SBIN
2016-03-03,184.0,184.6,178.5,182.75,33507048,SBIN
2016-03-04,183.4,189.85,178.5,188.4,38860711,SBIN
2016-03-08,186.95,186.95,181.4,183.35,27928279,SBIN
2016-03-09,180.0,184.0,178.7,183.4,29453018,SBIN
2016-03-10,184.75,184.75,179.4,180.5,20472928,SBIN
2016-03-11,180.0,182.65,177.55,180.1,21869157,SBIN
2016-03-14,182.45,183.4,180.7,181.75,14369755,SBIN
2016-03-15,181.65,186.2,181.65,185.3,22369600,SBIN
2016-03-16,185.0,185.9,181.6,185.2,19237834,SBIN
2016-03-17,188.0,189.3,185.0,186.35,21560986,SBIN
2016-03-18,186.85,192.0,186.0,191.25,21144216,SBIN
2016-03-21,193.0,197.3,193.0,196.8,20678069,SBIN
2016-03-22,196.8,198.25,194.5,197.5,16728809,SBIN
2016-03-23,196.9,197.6,195.3,196.6,13362780,SBIN
2016-03-28,195.8,198.25,187.65,188.3,19760603,SBIN
2016-03-29,188.5,191.25,186.65,189.5,16804848,SBIN
2016-03-30,192.25,198.3,190.5,197.55,20709407,SBIN
2016-03-31,197.85,198.75,192.35,194.25,30132473,SBIN
2016-04-01,193.7,197.25,192.0,195.65,21752206,SBIN
2016-04-04,197.3,197.45,192.55,194.7,15732565,SBIN
2016-04-05,193.9,194.55,183.3,184.35,36635637,SBIN
2016-04-06,185.0,185.5,182.2,183.85,16350631,SBIN
2016-04-07,183.8,185.65,181.0,181.95,19430601,SBIN
2016-04-08,181.65,183.95,180.2,183.1,15805231,SBIN
2016-04-11,183.85,188.9,182.0,188.25,18990364,SBIN
2016-04-12,188.5,190.25,186.3,187.8,14563344,SBIN
2016-04-13,191.55,193.8,190.8,191.9,17573045,SBIN
2016-04-18,191.45,191.5,185.6,186.75,13985439,SBIN
2016-04-20,188.35,188.65,184.1,187.3,20163005,SBIN
2016-04-21,190.5,197.4,190.0,194.35,31008152,SBIN
2016-04-22,193.6,201.5,191.55,200.15,34049763,SBIN
2016-04-25,200.95,202.55,195.8,197.05,23835613,SBIN
2016-04-26,195.95,201.4,194.55,200.95,21809451,SBIN
2016-04-27,200.9,200.9,195.5,196.15,22801603,SBIN
2016-04-28,196.75,198.2,191.2,192.05,24555479,SBIN
2016-04-29,191.9,194.0,186.45,189.0,21021661,SBIN
2016-05-02,187.6,188.45,185.5,186.0,14469844,SBIN
2016-05-03,187.0,189.35,183.65,184.05,16247931,SBIN
2016-05-04,183.5,184.4,179.15,179.95,17826594,SBIN
2016-05-05,180.25,182.7,178.5,180.35,17742028,SBIN
2016-05-06,180.95,184.95,180.1,184.35,18336962,SBIN
2016-05-09,186.5,189.4,185.05,188.7,13863696,SBIN
2016-05-10,187.6,190.3,186.7,189.5,13845979,SBIN
2016-05-11,185.4,188.5,184.1,185.0,18128414,SBIN
2016-05-12,187.1,189.5,185.4,188.5,17398341,SBIN
2016-05-13,187.95,187.95,184.3,184.85,15546644,SBIN
2016-05-16,185.0,185.0,175.15,176.8,30937008,SBIN
2016-05-17,178.5,178.6,175.25,176.85,22183140,SBIN
2016-05-18,176.9,180.45,173.55,179.95,25345278,SBIN
2016-05-19,181.0,181.0,171.9,172.7,25480517,SBIN
2016-05-20,173.5,174.7,170.55,171.35,16720624,SBIN
2016-05-23,172.3,172.7,168.2,168.4,16193112,SBIN
2016-05-24,168.8,170.4,166.4,169.5,14816798,SBIN
2016-05-25,171.5,175.8,171.45,175.1,18900887,SBIN
2016-05-26,175.1,185.5,173.5,184.15,30700988,SBIN
2016-05-27,184.0,202.4,181.5,195.9,85585820,SBIN
2016-05-30,200.2,203.9,194.6,198.85,46075949,SBIN
2016-05-31,198.8,205.7,196.2,204.95,39457647,SBIN
2016-06-01,205.95,208.3,196.6,198.25,41868032,SBIN
2016-06-02,197.85,202.3,195.55,200.55,23499884,SBIN
2016-06-03,201.0,202.15,195.4,196.6,24568749,SBIN
2016-06-06,197.45,202.6,197.1,198.9,23623536,SBIN
2016-06-07,200.45,211.15,200.15,210.15,66063192,SBIN
2016-06-08,210.15,211.9,207.55,210.7,35163093,SBIN
2016-06-09,210.0,212.8,208.3,209.95,27858182,SBIN
2016-06-10,209.35,211.5,205.3,205.95,25598224,SBIN
2016-06-13,201.5,202.6,200.2,201.8,21192525,SBIN
2016-06-14,204.35,208.6,203.8,207.7,23918910,SBIN
2016-06-15,209.75,217.55,208.55,216.05,48362742,SBIN
2016-06-16,216.0,218.5,213.05,216.0,48122379,SBIN
2016-06-17,216.75,217.5,211.6,213.45,26486677,SBIN
2016-06-20,208.0,216.7,207.9,215.9,32633757,SBIN
2016-06-21,215.0,217.5,213.15,214.0,18960306,SBIN
2016-06-22,214.0,215.25,211.45,212.9,16395548,SBIN
2016-06-23,213.0,218.0,212.75,217.55,20666649,SBIN
2016-06-24,205.9,212.35,202.5,211.25,47224652,SBIN
2016-06-27,210.8,218.85,210.55,217.15,29021651,SBIN
2016-06-28,216.75,218.65,215.4,215.9,21784062,SBIN
2016-06-29,217.9,218.8,216.1,217.2,18019568,SBIN
2016-06-30,220.0,221.9,217.9,218.8,30600995,SBIN
2016-07-01,220.8,221.0,218.9,219.6,15346865,SBIN
2016-07-04,222.35,224.35,222.0,223.0,16534518,SBIN
2016-07-05,223.25,225.15,221.55,223.5,15357018,SBIN
2016-07-07,223.9,224.6,219.35,220.05,12917872,SBIN
2016-07-08,220.15,220.85,216.5,218.3,16017389,SBIN
2016-07-11,223.6,225.45,222.0,224.7,15831791,SBIN
2016-07-12,225.0,227.2,224.15,226.7,19374179,SBIN
2016-07-13,227.0,228.5,223.95,227.7,18377333,SBIN
2016-07-14,227.0,232.85,226.0,232.0,21208021,SBIN
2016-07-15,232.9,234.4,230.8,231.5,15068302,SBIN
2016-07-18,232.4,233.85,228.2,228.75,11816985,SBIN
2016-07-19,230.0,232.15,227.0,229.6,19767339,SBIN
2016-07-20,230.65,232.75,229.2,231.15,18051608,SBIN
2016-07-21,231.65,232.1,224.4,225.65,13306837,SBIN
2016-07-22,225.4,225.9,222.1,223.5,12341622,SBIN
2016-07-25,223.0,231.0,222.7,229.9,18427070,SBIN
2016-07-26,230.0,232.2,225.9,226.7,14162638,SBIN
2016-07-27,227.75,231.0,226.8,229.25,17626617,SBIN
2016-07-28,230.15,235.15,229.3,231.0,26838284,SBIN
2016-07-29,230.0,232.7,228.4,229.4,15577230,SBIN
2016-08-01,230.8,232.65,225.3,227.3,16071228,SBIN
2016-08-02,229.3,230.9,227.3,228.05,16145066,SBIN
2016-08-03,228.5,230.5,225.8,226.65,14838944,SBIN
2016-08-04,228.45,228.7,223.2,225.65,17810908,SBIN
2016-08-05,227.35,233.9,226.9,232.75,21264296,SBIN
2016-08-08,233.95,235.9,231.7,233.25,16972827,SBIN
2016-08-09,234.25,238.0,232.65,235.15,19854185,SBIN
2016-08-10,236.75,236.9,231.05,231.5,16279843,SBIN
2016-08-11,231.5,231.6,226.1,227.15,16673286,SBIN
2016-08-12,227.0,247.95,224.4,243.3,86616475,SBIN
2016-08-16,245.25,247.9,242.65,246.75,27709873,SBIN
2016-08-17,246.45,249.8,244.3,246.25,18294050,SBIN
2016-08-18,246.9,250.4,246.55,248.4,14314950,SBIN
2016-08-19,255.0,260.0,253.5,258.5,39822529,SBIN
2016-08-22,259.8,260.4,254.0,254.8,19769886,SBIN
2016-08-23,254.9,255.8,251.0,254.75,17583721,SBIN
2016-08-24,254.95,256.2,253.5,254.4,11560293,SBIN
2016-08-25,254.9,255.55,248.6,250.15,21230706,SBIN
2016-08-26,250.3,250.7,245.85,246.6,16531983,SBIN
2016-08-29,245.85,249.85,244.25,249.05,11786129,SBIN
2016-08-30,250.15,252.9,249.8,252.25,15323228,SBIN
2016-08-31,253.25,255.8,251.2,252.5,15601566,SBIN
2016-09-01,251.95,254.85,251.15,252.0,12175873,SBIN
2016-09-02,252.0,255.2,251.65,254.6,11380257,SBIN
2016-09-06,257.2,261.5,256.0,260.1,16620963,SBIN
2016-09-07,262.9,270.3,260.4,266.8,30862337,SBIN
2016-09-08,268.0,271.6,266.9,268.35,14339143,SBIN
2016-09-09,268.4,268.4,263.35,264.1,11455826,SBIN
2016-09-12,257.5,258.75,251.8,252.75,18989750,SBIN
2016-09-14,255.0,258.0,253.0,257.55,12754966,SBIN
2016-09-15,258.35,258.35,254.2,256.0,7783662,SBIN
2016-09-16,257.95,262.0,253.4,254.3,18013477,SBIN
2016-09-19,256.0,258.3,255.2,255.65,11433295,SBIN
2016-09-20,256.4,256.4,253.65,254.45,9914599,SBIN
2016-09-21,254.5,256.25,250.65,251.15,12817180,SBIN
2016-09-22,257.9,258.45,255.1,257.9,20797370,SBIN
2016-09-23,258.8,258.8,253.8,254.55,12730223,SBIN
2016-09-26,253.95,254.45,250.65,251.65,8800173,SBIN
2016-09-27,253.15,253.9,248.3,249.0,11345387,SBIN
2016-09-28,250.0,255.8,248.05,253.75,17277539,SBIN
2016-09-29,255.0,256.75,243.5,247.25,27870695,SBIN
2016-09-30,246.85,252.5,245.8,251.25,14826293,SBIN
2016-10-03,253.0,256.65,252.65,255.3,9314647,SBIN
2016-10-04,255.8,262.0,253.8,259.75,21532806,SBIN
2016-10-05,262.0,264.9,259.55,260.85,20868556,SBIN
2016-10-06,261.35,262.0,255.65,256.8,11081154,SBIN
2016-10-07,257.25,259.9,255.25,258.7,11934100,SBIN
2016-10-10,259.35,260.3,256.05,256.6,9399844,SBIN
2016-10-13,254.95,255.35,245.85,249.65,18050638,SBIN
2016-10-14,251.0,253.55,249.1,252.1,12133951,SBIN
2016-10-17,253.75,256.45,252.0,253.2,16865537,SBIN
2016-10-18,254.9,257.7,253.8,256.9,20218355,SBIN
2016-10-19,258.0,258.0,254.85,255.4,9546481,SBIN
2016-10-20,255.7,260.9,255.3,260.2,14179531,SBIN
2016-10-21,259.75,259.75,256.1,258.5,8833390,SBIN
2016-10-24,259.3,264.9,259.3,262.95,14483254,SBIN
2016-10-25,264.0,264.55,260.75,261.45,9079178,SBIN
2016-10-26,260.4,264.85,256.8,258.75,15020687,SBIN
2016-10-27,258.0,258.1,254.3,255.4,10938008,SBIN
2016-10-28,255.9,258.8,254.0,258.0,11430184,SBIN
2016-10-30,258.9,260.0,256.6,257.6,2107882,SBIN
2016-11-01,257.0,260.9,256.5,258.95,10000632,SBIN
2016-11-02,254.1,256.0,250.55,251.05,13716294,SBIN
2016-11-03,251.15,252.8,244.85,245.65,12902390,SBIN
2016-11-04,246.25,247.4,240.3,242.85,12657669,SBIN
2016-11-07,248.0,253.9,245.5,252.7,11224419,SBIN
2016-11-08,253.7,254.1,248.65,252.65,9367228,SBIN
2016-11-09,235.0,261.05,235.0,260.0,31761606,SBIN
2016-11-10,267.0,284.2,265.25,281.3,50227559,SBIN
2016-11-11,278.75,288.8,270.5,273.0,57937113,SBIN
2016-11-15,275.15,283.45,270.7,278.2,48658808,SBIN
2016-11-16,284.0,284.8,276.15,277.2,27532708,SBIN
2016-11-17,278.0,282.2,275.6,277.45,19500760,SBIN
2016-11-18,278.15,280.0,274.85,275.8,13389671,SBIN
2016-11-21,277.15,277.6,255.85,257.35,26002028,SBIN
2016-11-22,260.8,262.65,251.15,257.35,25631435,SBIN
2016-11-23,259.8,260.35,254.75,258.65,16190033,SBIN
2016-11-24,257.8,263.0,254.55,261.75,28927720,SBIN
2016-11-25,263.5,264.5,258.35,260.95,19303589,SBIN
2016-11-28,253.45,257.75,248.0,253.55,22315183,SBIN
2016-11-29,254.25,256.5,252.0,252.7,12656706,SBIN
2016-11-30,254.0,260.15,252.7,258.35,16501691,SBIN
2016-12-01,259.65,261.0,254.65,255.65,12986151,SBIN
2016-12-02,253.95,261.4,253.0,254.1,21139754,SBIN
2016-12-05,254.4,257.8,253.2,256.9,8406973,SBIN
2016-12-06,258.5,260.15,256.35,259.1,10048459,SBIN
2016-12-07,260.35,262.75,251.65,255.6,22193202,SBIN
2016-12-08,258.45,260.5,258.05,259.9,9047721,SBIN
2016-12-09,260.8,267.2,258.8,266.65,16004173,SBIN
2016-12-12,268.9,269.35,262.3,263.65,14296268,SBIN
2016-12-13,264.9,266.75,261.55,266.15,9084137,SBIN
2016-12-14,266.0,266.25,262.3,262.9,8672531,SBIN
2016-12-15,259.9,267.5,259.0,265.4,12274497,SBIN
2016-12-16,266.35,266.35,263.05,264.75,11017555,SBIN
2016-12-19,263.35,264.5,260.85,261.35,8371299,SBIN
2016-12-20,261.85,262.9,253.25,254.55,12765309,SBIN
2016-12-21,256.1,258.0,254.1,255.35,8778450,SBIN
2016-12-22,254.25,254.25,248.35,249.8,12981595,SBIN
2016-12-23,249.75,251.8,247.8,249.15,10557157,SBIN
2016-12-26,248.0,248.3,243.6,244.2,8592983,SBIN
2016-12-27,244.6,249.95,243.1,248.75,8756536,SBIN
2016-12-28,249.25,252.5,247.15,247.75,11747088,SBIN
2016-12-29,247.65,248.85,245.5,247.65,10658616,SBIN
2016-12-30,247.75,252.3,247.25,250.2,10538497,SBIN
2017-01-02,252.5,253.65,242.6,243.6,25988990,SBIN
2017-01-03,244.0,246.4,241.1,244.9,15963085,SBIN
2017-01-04,245.8,246.4,242.2,242.9,11225978,SBIN
2017-01-05,245.0,245.9,243.7,245.35,11970913,SBIN
2017-01-06,246.0,249.0,245.5,245.9,12354302,SBIN
2017-01-09,246.4,248.35,246.0,247.05,8329253,SBIN
2017-01-10,247.7,249.0,246.4,248.3,9352013,SBIN
2017-01-11,249.65,253.2,249.0,252.15,13415303,SBIN
2017-01-12,252.9,254.45,250.55,251.25,11282323,SBIN
2017-01-13,252.0,252.6,249.1,250.9,9333736,SBIN
2017-01-16,251.05,256.4,250.7,255.75,13234727,SBIN
2017-01-17,257.45,258.65,254.4,256.0,9480201,SBIN
2017-01-18,257.1,259.3,256.6,258.35,8048897,SBIN
2017-01-19,257.2,262.0,256.5,258.4,13029151,SBIN
2017-01-20,258.5,260.5,250.3,251.05,15341756,SBIN
2017-01-23,251.0,255.2,250.1,254.15,9339939,SBIN
2017-01-24,255.1,257.0,254.0,254.9,13540202,SBIN
2017-01-25,255.55,261.0,254.2,259.2,16343545,SBIN
2017-01-27,260.3,268.2,259.5,266.45,18039379,SBIN
2017-01-30,265.85,267.9,263.4,263.95,11884795,SBIN
2017-01-31,261.15,263.85,259.65,260.35,8899165,SBIN
2017-02-01,262.0,271.9,261.6,270.7,27253142,SBIN
2017-02-02,271.85,275.0,268.7,273.3,20139955,SBIN
2017-02-03,273.0,278.55,272.0,277.55,15366890,SBIN
2017-02-06,280.0,282.5,276.0,277.05,14725291,SBIN
2017-02-07,277.85,280.0,276.3,277.9,10981984,SBIN
2017-02-08,278.1,279.25,272.6,277.2,13622088,SBIN
2017-02-09,278.8,280.3,270.85,275.85,16080181,SBIN
2017-02-10,278.75,282.8,275.0,276.35,37580487,SBIN
2017-02-13,277.8,278.25,270.2,271.65,19853043,SBIN
2017-02-14,272.0,273.0,268.1,270.2,13306738,SBIN
2017-02-15,270.95,272.5,267.05,268.95,12201568,SBIN
2017-02-16,277.0,277.0,269.65,270.5,21794688,SBIN
2017-02-17,271.15,273.65,267.7,269.35,17830528,SBIN
2017-02-20,269.9,271.55,268.0,269.65,9229363,SBIN
2017-02-21,270.0,271.5,268.65,270.7,7754157,SBIN
2017-02-22,271.9,274.7,269.5,272.3,12617613,SBIN
2017-02-23,271.7,273.0,269.6,270.45,13146194,SBIN
2017-02-27,270.8,271.45,267.6,268.25,9645350,SBIN
2017-02-28,268.9,271.25,268.0,269.2,7941592,SBIN
2017-03-01,270.0,273.3,269.8,271.75,7656892,SBIN
2017-03-02,273.0,274.7,266.5,267.3,14220808,SBIN
2017-03-03,266.25,268.9,264.25,265.05,10120034,SBIN
2017-03-06,266.6,270.35,266.35,269.85,9515073,SBIN
2017-03-07,270.8,270.9,266.4,267.8,11599142,SBIN
2017-03-08,267.8,270.3,266.0,269.9,9122987,SBIN
2017-03-09,269.0,273.9,268.4,273.25,15594429,SBIN
2017-03-10,274.5,275.55,269.5,272.05,9557026,SBIN
2017-03-14,278.4,278.4,273.8,274.65,15734886,SBIN
2017-03-15,272.65,280.5,272.65,277.35,20055974,SBIN
2017-03-16,278.0,280.2,276.05,279.3,18005184,SBIN
2017-03-17,279.45,279.5,273.5,274.15,14265642,SBIN
2017-03-20,274.75,274.75,271.8,273.9,9678185,SBIN
2017-03-21,274.4,277.05,270.15,272.35,11898233,SBIN
2017-03-22,270.3,271.0,266.8,267.5,9887203,SBIN
2017-03-23,269.0,269.4,266.7,268.5,7998170,SBIN
2017-03-24,269.5,278.95,268.65,276.5,20133467,SBIN
2017-03-27,276.0,280.8,275.2,279.45,15966114,SBIN
2017-03-28,280.65,282.9,278.5,282.1,18673371,SBIN
2017-03-29,283.15,289.9,283.15,288.45,31008407,SBIN
2017-03-30,289.0,293.75,288.85,291.05,19683170,SBIN
2017-03-31,292.0,295.0,288.5,293.4,20185269,SBIN
2017-04-03,294.8,295.7,292.2,293.15,10509610,SBIN
2017-04-05,293.3,298.75,289.65,297.35,21936647,SBIN
2017-04-06,295.45,297.55,291.45,292.85,18413111,SBIN
2017-04-07,291.7,294.8,287.65,289.45,10765502,SBIN
2017-04-10,289.8,290.35,286.55,289.35,10307875,SBIN
2017-04-11,289.3,295.15,288.8,294.5,11682024,SBIN
2017-04-12,294.0,295.45,289.1,290.15,13251421,SBIN
2017-04-13,290.25,293.1,290.0,291.55,9944020,SBIN
2017-04-17,291.1,292.75,288.5,289.9,8146800,SBIN
2017-04-18,291.05,296.9,288.4,290.3,13457050,SBIN
2017-04-19,291.55,291.75,282.9,284.05,18149995,SBIN
2017-04-20,283.9,286.9,282.2,284.8,14514929,SBIN
2017-04-21,287.0,287.0,279.25,282.2,12042308,SBIN
2017-04-24,283.25,287.85,280.9,286.05,10077853,SBIN
2017-04-25,287.5,288.8,285.0,286.05,11531902,SBIN
2017-04-26,287.1,289.5,283.35,286.45,13836891,SBIN
2017-04-27,286.45,287.95,281.05,282.05,22622372,SBIN
2017-04-28,283.0,290.75,282.5,289.75,14152004,SBIN
2017-05-02,290.25,292.5,287.1,288.3,9754789,SBIN
2017-05-03,289.4,293.2,285.8,289.8,13950914,SBIN
2017-05-04,294.0,300.0,293.1,299.05,24534923,SBIN
2017-05-05,301.0,304.9,292.15,296.0,34756331,SBIN
2017-05-08,296.1,300.75,293.9,299.4,11560550,SBIN
2017-05-09,300.9,300.9,295.25,296.5,7843574,SBIN
2017-05-10,297.0,298.15,293.0,294.45,8699405,SBIN
2017-05-11,295.9,299.4,294.45,298.1,11934889,SBIN
2017-05-12,300.0,302.6,296.0,297.9,13376269,SBIN
2017-05-15,298.4,302.0,297.5,301.4,10383539,SBIN
2017-05-16,302.0,308.4,299.35,307.5,17533439,SBIN
2017-05-17,308.0,308.8,305.5,307.65,14120513,SBIN
2017-05-18,304.85,307.9,302.0,302.95,15471393,SBIN
2017-05-19,304.45,315.3,302.0,308.0,55250969,SBIN
2017-05-22,308.95,309.4,293.2,294.3,35771221,SBIN
2017-05-23,295.0,295.9,287.25,288.85,19846852,SBIN
2017-05-24,290.05,290.45,281.65,283.15,16435958,SBIN
2017-05-25,284.15,291.35,283.55,290.1,15018467,SBIN
2017-05-26,290.5,291.0,285.3,288.45,12304394,SBIN
2017-05-29,288.9,290.85,283.3,284.0,10619968,SBIN
2017-05-30,283.4,289.75,281.05,288.85,9643418,SBIN
2017-05-31,289.0,291.5,287.2,288.3,10697171,SBIN
2017-06-01,287.95,291.4,284.6,287.45,12186700,SBIN
2017-06-02,289.9,290.5,286.35,287.05,12004368,SBIN
2017-06-05,288.05,289.75,286.75,287.25,7917410,SBIN
2017-06-06,292.0,292.95,286.6,287.3,12346121,SBIN
2017-06-07,288.2,291.5,287.2,290.55,10864355,SBIN
2017-06-08,292.0,292.0,287.75,288.6,8370299,SBIN
2017-06-09,288.3,289.4,285.8,288.55,10804887,SBIN
2017-06-12,286.75,287.0,284.3,284.95,10326846,SBIN
2017-06-13,285.4,287.0,283.0,283.85,9171049,SBIN
2017-06-14,285.9,286.3,282.6,284.2,11566255,SBIN
2017-06-15,283.85,285.8,281.35,284.0,11925641,SBIN
2017-06-16,284.7,286.65,283.25,285.95,19246907,SBIN
2017-06-19,286.6,289.85,285.3,288.85,14848661,SBIN
2017-06-20,287.6,291.0,285.6,290.1,14927701,SBIN
2017-06-21,288.25,292.45,288.25,290.9,10537576,SBIN
2017-06-22,291.25,295.9,291.05,294.5,26110402,SBIN
2017-06-23,294.75,295.55,287.8,288.95,20648597,SBIN
2017-06-27,289.25,289.45,276.8,279.65,25523129,SBIN
2017-06-28,277.6,278.45,273.75,276.4,17241351,SBIN
2017-06-29,277.15,279.3,271.65,272.45,30457363,SBIN
2017-06-30,272.0,274.75,269.7,273.65,12235472,SBIN
2017-07-03,274.1,275.5,272.55,274.85,8951033,SBIN
2017-07-04,275.0,276.45,272.05,273.0,7856082,SBIN
2017-07-05,273.9,275.6,272.35,274.9,10048734,SBIN
2017-07-06,275.05,282.7,274.6,281.0,16115817,SBIN
2017-07-07,280.6,282.4,279.2,280.1,5914038,SBIN
2017-07-10,300.0,300.0,280.85,285.55,2171603,SBIN
2017-07-11,287.5,289.7,283.0,283.55,12400820,SBIN
2017-07-12,284.7,288.4,283.2,287.65,7524835,SBIN
2017-07-13,288.9,290.0,286.55,288.75,8434324,SBIN
2017-07-14,288.8,293.6,287.25,291.6,13750192,SBIN
2017-07-17,292.8,294.1,289.65,293.0,10549310,SBIN
2017-07-18,291.85,296.4,290.0,291.0,11913832,SBIN
2017-07-19,291.5,294.0,291.4,293.3,9006728,SBIN
2017-07-20,293.0,294.25,290.05,290.95,6256500,SBIN
2017-07-21,291.05,292.2,288.25,290.65,7266604,SBIN
2017-07-24,290.8,296.3,290.7,294.55,11195781,SBIN
2017-07-25,296.0,297.3,294.65,296.1,10846999,SBIN
2017-07-26,296.25,299.65,295.25,295.8,12527914,SBIN
2017-07-27,297.0,299.85,296.2,298.35,22286060,SBIN
2017-07-28,297.0,300.75,295.6,299.1,15766196,SBIN
2017-07-31,299.4,313.85,298.0,312.5,41547584,SBIN
2017-08-01,314.0,314.8,307.95,309.0,14888804,SBIN
2017-08-02,310.0,311.8,305.3,307.7,17005571,SBIN
2017-08-03,307.0,307.4,299.1,300.55,14459919,SBIN
2017-08-04,300.3,306.3,297.6,305.25,9615344,SBIN
2017-08-07,305.8,311.8,305.15,311.2,11420767,SBIN
2017-08-08,311.0,311.8,301.2,303.65,13578680,SBIN
2017-08-09,302.75,307.45,300.1,302.3,15852734,SBIN
2017-08-10,301.2,302.4,292.0,296.7,14519518,SBIN
2017-08-11,294.5,303.0,277.45,280.15,67652562,SBIN
2017-08-14,281.45,282.4,276.5,278.2,23773509,SBIN
2017-08-16,279.05,283.9,274.2,283.1,21074533,SBIN
2017-08-17,283.8,284.7,280.0,280.85,12134114,SBIN
2017-08-18,278.0,279.65,276.0,278.7,12653217,SBIN
2017-08-21,279.0,280.65,273.35,274.65,9247153,SBIN
2017-08-22,276.0,277.0,271.2,273.9,11814388,SBIN
2017-08-23,274.75,279.7,274.2,279.0,11317821,SBIN
2017-08-24,279.7,281.45,277.5,280.3,14138226,SBIN
2017-08-28,282.1,282.1,279.0,279.35,10505317,SBIN
2017-08-29,278.45,280.85,276.05,277.0,10335964,SBIN
2017-08-30,278.0,279.25,276.0,276.6,7648702,SBIN
2017-08-31,276.85,279.5,274.2,277.75,14222467,SBIN
2017-09-01,277.65,280.4,276.6,277.85,8255209,SBIN
2017-09-04,278.95,279.6,276.4,277.75,7168751,SBIN
2017-09-05,278.1,279.5,275.95,276.55,9565430,SBIN
2017-09-06,275.95,276.65,273.65,274.25,7306781,SBIN
2017-09-07,275.4,276.9,273.1,274.2,16102724,SBIN
2017-09-08,274.9,275.4,271.1,271.8,7077895,SBIN
2017-09-11,272.6,273.5,269.55,270.95,14489224,SBIN
2017-09-12,272.0,275.65,270.5,273.45,8375133,SBIN
2017-09-13,274.95,276.6,272.5,273.4,10150073,SBIN
2017-09-14,273.4,275.6,272.3,274.2,8015217,SBIN
2017-09-15,270.75,274.5,269.9,271.5,18404860,SBIN
2017-09-18,273.0,274.0,269.45,270.4,17538678,SBIN
2017-09-19,270.45,270.8,266.45,267.8,14331316,SBIN
2017-09-20,268.15,272.05,267.45,270.05,12355806,SBIN
2017-09-21,269.75,271.4,267.35,268.5,8509419,SBIN
2017-09-22,267.25,267.4,261.1,261.85,12860892,SBIN
2017-09-25,261.5,261.8,254.4,258.75,13937050,SBIN
2017-09-26,258.5,259.65,256.0,258.25,11728345,SBIN
2017-09-27,259.9,259.9,249.5,250.4,17080769,SBIN
2017-09-28,250.25,253.55,249.5,252.55,17776419,SBIN
2017-09-29,254.7,255.5,253.05,253.85,10073641,SBIN
2017-10-03,256.4,256.4,250.6,251.3,10547836,SBIN
2017-10-04,251.65,254.65,251.35,253.2,14063896,SBIN
2017-10-05,253.7,254.1,249.2,251.6,13476692,SBIN
2017-10-06,252.15,257.9,252.1,256.75,11932139,SBIN
2017-10-09,256.8,258.6,254.25,256.85,8009211,SBIN
2017-10-10,256.85,258.2,255.7,256.95,9742878,SBIN
2017-10-11,257.15,258.45,250.45,251.75,14192548,SBIN
2017-10-12,252.0,252.95,248.5,251.2,13404759,SBIN
2017-10-13,251.1,255.35,250.2,252.1,15697555,SBIN
2017-10-16,254.6,254.7,250.1,252.05,12171830,SBIN
2017-10-17,252.05,254.7,250.65,251.15,13505216,SBIN
2017-10-18,246.0,247.8,242.55,243.75,20677891,SBIN
2017-10-19,243.8,245.25,241.15,242.75,3458869,SBIN
2017-10-23,244.0,247.0,242.3,245.95,8901335,SBIN
2017-10-24,246.0,255.3,245.95,254.45,17197805,SBIN
2017-10-25,279.85,328.05,279.85,324.9,262677081,SBIN
2017-10-26,330.0,351.3,317.5,320.5,112804243,SBIN
2017-10-27,320.25,323.6,310.1,311.05,27580765,SBIN
2017-10-30,312.0,322.35,310.6,312.0,28530254,SBIN
2017-10-31,313.0,313.85,304.3,305.8,16455750,SBIN
2017-11-01,309.4,321.45,309.4,319.85,34907283,SBIN
2017-11-02,320.0,323.15,313.55,314.35,23110527,SBIN
2017-11-03,315.45,327.5,312.6,325.0,26898400,SBIN
2017-11-06,323.6,330.0,321.45,329.0,17143407,SBIN
2017-11-07,328.95,331.7,315.5,317.2,21883541,SBIN
2017-11-08,318.0,319.3,306.65,309.55,20242447,SBIN
2017-11-09,313.15,318.0,308.2,313.7,21846178,SBIN
2017-11-10,315.0,338.5,309.5,333.55,82984969,SBIN
2017-11-13,336.75,344.8,329.75,331.05,38777555,SBIN
2017-11-14,330.35,334.7,327.5,329.1,25647162,SBIN
2017-11-15,328.0,331.15,322.25,324.95,17389606,SBIN
2017-11-16,327.4,334.2,323.65,333.4,22506014,SBIN
2017-11-17,345.0,346.7,336.0,337.5,26518142,SBIN
2017-11-20,337.1,337.15,331.25,333.0,13507662,SBIN
2017-11-21,335.0,335.4,330.0,330.65,14189920,SBIN
2017-11-22,330.85,339.65,327.0,335.3,22861716,SBIN
2017-11-23,335.5,336.65,331.65,334.95,13338423,SBIN
2017-11-24,336.0,337.0,331.5,332.4,11716981,SBIN
2017-11-27,329.9,337.0,328.05,335.65,13114683,SBIN
2017-11-28,336.0,336.7,331.2,332.0,16054996,SBIN
2017-11-29,332.35,334.85,327.2,328.9,11264624,SBIN
2017-11-30,325.8,326.5,318.5,320.35,27276288,SBIN
2017-12-01,321.5,322.3,311.25,312.75,16425620,SBIN
2017-12-04,314.7,315.95,311.15,313.6,13887727,SBIN
2017-12-05,312.5,320.7,308.8,319.1,15130931,SBIN
2017-12-06,316.7,317.4,311.5,312.4,18658202,SBIN
2017-12-07,312.5,317.75,312.45,316.4,12278558,SBIN
2017-12-08,316.6,318.85,312.1,313.1,16418832,SBIN
2017-12-11,315.95,319.3,315.1,318.4,14014369,SBIN
2017-12-12,317.75,320.5,314.65,318.45,17658856,SBIN
2017-12-13,316.15,318.95,311.15,313.3,17540585,SBIN
2017-12-14,314.3,315.4,309.5,314.0,13894451,SBIN
2017-12-15,318.4,319.35,311.5,312.25,16050711,SBIN
2017-12-18,308.0,323.5,300.4,318.9,32119915,SBIN
2017-12-19,319.45,322.25,318.4,319.8,14741481,SBIN
2017-12-20,319.0,319.0,316.5,317.5,9895770,SBIN
2017-12-21,316.6,318.2,315.4,316.75,9916409,SBIN
2017-12-22,317.1,323.85,316.5,319.85,13821639,SBIN
2017-12-26,318.6,319.95,316.3,317.15,9329690,SBIN
2017-12-27,316.5,320.3,313.05,314.85,14276027,SBIN
2017-12-28,315.3,316.5,307.65,308.4,20353152,SBIN
2017-12-29,310.0,312.0,309.05,309.9,11939569,SBIN
2018-01-01,310.6,312.75,306.3,307.1,12182400,SBIN
2018-01-02,309.0,309.0,301.35,303.25,14797364,SBIN
2018-01-03,305.3,306.45,302.15,302.85,13857373,SBIN
2018-01-04,304.5,310.2,303.15,308.5,24517099,SBIN
2018-01-05,311.4,311.4,305.6,306.35,14580575,SBIN
2018-01-08,307.2,309.5,305.0,305.8,13557197,SBIN
2018-01-09,307.5,309.5,303.3,304.3,15574755,SBIN
2018-01-10,304.65,305.85,300.0,301.1,13064599,SBIN
2018-01-11,300.9,303.0,300.0,302.2,12299087,SBIN
2018-01-12,304.65,304.65,300.55,302.25,17594228,SBIN
2018-01-15,303.95,305.25,301.55,302.6,18189668,SBIN
2018-01-16,302.4,303.35,295.3,296.15,18040940,SBIN
2018-01-17,296.0,308.4,292.6,307.1,26277307,SBIN
2018-01-18,315.0,317.8,300.5,303.25,40000111,SBIN
2018-01-19,303.95,310.0,302.5,309.25,18461642,SBIN
2018-01-22,308.35,308.75,304.05,306.5,12622645,SBIN
2018-01-23,306.4,320.55,306.35,318.1,35252217,SBIN
2018-01-24,317.7,331.6,316.2,329.9,38070520,SBIN
2018-01-25,332.75,332.75,311.85,313.15,42466150,SBIN
2018-01-29,313.15,316.9,311.0,312.1,23600898,SBIN
2018-01-30,312.05,318.85,311.0,313.55,25810404,SBIN
2018-01-31,313.0,316.6,307.85,313.25,16409938,SBIN
2018-02-01,316.9,317.4,305.0,306.05,19515991,SBIN
2018-02-02,302.9,305.75,295.5,297.35,23274673,SBIN
2018-02-05,292.65,300.4,290.0,298.05,18940578,SBIN
2018-02-06,285.0,297.3,282.9,291.75,30577218,SBIN
2018-02-07,296.6,297.9,290.0,292.8,21463818,SBIN
2018-02-08,292.9,303.3,292.55,301.4,18932796,SBIN
2018-02-09,297.0,300.6,295.0,296.4,15750824,SBIN
2018-02-12,288.25,292.4,285.15,288.75,50839665,SBIN
2018-02-14,288.7,288.7,275.0,276.2,45641149,SBIN
2018-02-15,274.8,282.3,274.25,278.7,26058237,SBIN
2018-02-16,280.5,281.2,270.05,271.65,30338112,SBIN
2018-02-19,271.5,272.0,256.65,268.5,43847791,SBIN
2018-02-20,269.0,274.2,264.8,269.65,33458021,SBIN
2018-02-21,272.2,274.1,267.4,273.3,23714454,SBIN
2018-02-22,270.4,273.6,269.45,272.6,25584062,SBIN
2018-02-23,273.45,277.2,272.5,276.05,15482147,SBIN
2018-02-26,280.0,280.0,273.85,274.45,15306032,SBIN
2018-02-27,273.0,275.9,265.95,267.6,20824909,SBIN
2018-02-28,264.25,269.7,260.8,268.0,26810799,SBIN
2018-03-01,266.3,270.0,261.25,262.15,22859175,SBIN
2018-03-05,260.45,265.0,258.75,263.5,18484565,SBIN
2018-03-06,265.85,266.0,255.0,256.55,20778164,SBIN
2018-03-07,255.05,255.35,246.05,246.65,31262500,SBIN
2018-03-08,247.0,257.95,244.3,256.8,33133336,SBIN
2018-03-09,257.0,257.4,251.65,253.25,21536191,SBIN
2018-03-12,254.1,255.25,247.25,252.85,25332474,SBIN
2018-03-13,251.3,262.4,249.6,254.7,37647221,SBIN
2018-03-14,252.5,257.85,250.0,257.05,25471485,SBIN
2018-03-15,257.0,258.8,252.55,253.7,18339890,SBIN
2018-03-16,250.65,255.7,250.1,252.3,25728297,SBIN
2018-03-19,252.9,253.6,246.1,247.95,18167594,SBIN
2018-03-20,246.85,252.25,245.35,249.1,20556571,SBIN
2018-03-21,251.75,254.3,247.1,248.0,19533972,SBIN
2018-03-22,247.0,247.35,240.65,241.55,26828240,SBIN
2018-03-23,237.8,239.65,232.35,234.8,27150262,SBIN
2018-03-26,234.75,247.85,234.25,246.5,30373940,SBIN
2018-03-27,250.0,255.5,248.0,254.35,31205051,SBIN
2018-03-28,252.0,256.2,248.7,249.9,36673566,SBIN
2018-04-02,251.8,252.0,244.9,246.15,14993188,SBIN
2018-04-03,249.55,252.8,248.25,250.5,19883309,SBIN
2018-04-04,251.7,253.0,245.5,247.3,18824449,SBIN
2018-04-05,252.6,261.9,250.0,259.3,22880821,SBIN
2018-04-06,259.65,261.45,254.85,259.7,24868860,SBIN
2018-04-09,260.65,262.75,257.6,260.65,20208874,SBIN
2018-04-10,261.1,265.0,258.5,263.3,21201141,SBIN
2018-04-11,263.0,263.0,256.3,257.05,14885838,SBIN
2018-04-12,257.5,257.5,252.25,253.8,18660913,SBIN
2018-04-13,254.0,255.95,249.7,250.95,25654020,SBIN
2018-04-16,249.35,251.3,247.1,249.0,16408377,SBIN
2018-04-17,251.4,252.5,246.6,248.15,15922452,SBIN
2018-04-18,249.5,249.9,245.3,246.45,16142387,SBIN
2018-04-19,247.1,248.45,245.2,246.15,13166927,SBIN
2018-04-20,245.85,245.85,239.5,241.2,15546939,SBIN
2018-04-23,241.9,244.85,239.3,242.45,12111837,SBIN
2018-04-24,242.0,243.4,239.6,240.6,9486349,SBIN
2018-04-25,239.7,240.75,236.75,237.2,13124853,SBIN
2018-04-26,238.4,238.8,232.5,233.2,24495144,SBIN
2018-04-27,233.25,245.8,233.25,242.6,31401889,SBIN
2018-04-30,244.8,249.7,244.5,246.4,17263193,SBIN
2018-05-02,245.9,246.3,239.75,241.0,12887066,SBIN
2018-05-03,240.95,243.4,238.75,241.9,12939642,SBIN
2018-05-04,243.5,243.9,240.35,241.95,12777310,SBIN
2018-05-07,242.45,248.2,242.05,246.5,15122614,SBIN
2018-05-08,248.0,252.6,244.6,250.05,23293920,SBIN
2018-05-09,249.8,249.8,246.3,248.0,11429823,SBIN
2018-05-10,248.25,250.2,246.3,247.95,13160967,SBIN
2018-05-11,247.6,251.6,246.05,250.35,11958589,SBIN
2018-05-14,249.95,255.8,248.15,253.6,18673849,SBIN
2018-05-15,253.0,257.45,245.9,248.0,18026861,SBIN
2018-05-16,245.5,248.7,240.6,243.1,17222004,SBIN
2018-05-17,244.2,246.0,241.15,242.7,11721064,SBIN
2018-05-18,243.0,244.0,237.85,238.85,11873041,SBIN
2018-05-21,243.55,245.75,240.3,244.45,18780730,SBIN
2018-05-22,243.65,259.7,241.0,253.9,68713602,SBIN
2018-05-23,254.65,269.75,254.3,263.2,71202072,SBIN
2018-05-24,263.85,269.7,260.65,268.5,34679642,SBIN
2018-05-25,267.8,268.4,262.55,266.95,22317308,SBIN
2018-05-28,267.4,274.2,266.05,272.05,18959368,SBIN
2018-05-29,270.5,270.95,262.8,264.3,16107543,SBIN
2018-05-30,260.5,268.0,259.95,267.15,19320209,SBIN
2018-05-31,266.85,274.8,263.15,269.55,31935892,SBIN
2018-06-01,269.25,269.8,264.6,266.7,16574717,SBIN
2018-06-04,268.0,268.35,261.3,263.0,12933824,SBIN
2018-06-05,260.9,265.25,260.9,263.55,14102731,SBIN
2018-06-06,263.0,271.4,262.2,270.15,18315171,SBIN
2018-06-07,271.05,272.9,268.4,269.65,18773700,SBIN
2018-06-08,268.95,273.9,267.0,273.0,14096549,SBIN
2018-06-11,273.3,278.4,273.15,274.0,18219428,SBIN
2018-06-12,274.0,284.4,274.0,282.85,31358021,SBIN
2018-06-13,284.0,289.65,283.65,287.7,26748300,SBIN
2018-06-14,286.55,286.55,281.3,282.6,18513730,SBIN
2018-06-15,282.75,283.45,276.6,277.45,16949917,SBIN
2018-06-18,278.0,279.75,275.45,276.85,13542420,SBIN
2018-06-19,276.0,276.7,269.75,272.6,20726975,SBIN
2018-06-20,273.2,274.75,271.1,273.3,14002946,SBIN
2018-06-21,274.75,274.75,268.1,268.65,12954943,SBIN
2018-06-22,269.0,273.7,265.75,273.05,20784133,SBIN
2018-06-25,271.85,273.15,267.2,268.45,10934401,SBIN
2018-06-26,267.25,271.2,265.4,267.4,16867009,SBIN
2018-06-27,267.35,267.35,261.0,261.7,16277655,SBIN
2018-06-28,260.4,262.0,255.7,257.0,21349738,SBIN
2018-06-29,258.25,263.45,258.2,259.35,16244724,SBIN
2018-07-02,258.95,261.75,254.0,258.85,21896701,SBIN
2018-07-03,259.6,260.9,256.4,257.5,16099030,SBIN
2018-07-04,255.75,258.35,254.5,257.45,14206935,SBIN
2018-07-05,257.9,258.7,255.15,256.45,11215032,SBIN
2018-07-06,256.1,260.8,255.55,257.2,16174019,SBIN
2018-07-09,258.2,262.4,257.95,261.55,13220744,SBIN
2018-07-10,263.85,265.75,262.4,263.75,11487165,SBIN
2018-07-11,262.65,262.65,257.9,259.1,12857179,SBIN
2018-07-12,261.4,264.5,261.15,262.75,10642215,SBIN
2018-07-13,262.1,262.4,256.8,257.75,11976239,SBIN
2018-07-16,257.0,257.5,251.0,251.6,8965623,SBIN
2018-07-17,250.7,259.85,250.45,259.05,16067598,SBIN
2018-07-18,260.1,262.5,256.15,259.55,17641125,SBIN
2018-07-19,259.4,263.5,256.2,260.2,9958284,SBIN
2018-07-20,259.9,263.0,258.55,261.5,6120163,SBIN
2018-07-23,262.0,267.5,260.6,266.35,17013119,SBIN
2018-07-24,267.2,269.2,265.55,266.85,9320281,SBIN
2018-07-25,268.0,272.85,265.65,271.85,13099277,SBIN
2018-07-26,275.1,289.4,274.2,287.7,53496546,SBIN
2018-07-27,289.5,297.0,285.1,286.75,32175436,SBIN
2018-07-30,289.2,299.55,289.2,297.4,40949610,SBIN
2018-07-31,297.0,302.4,291.8,293.5,36510328,SBIN
2018-08-01,294.5,298.0,288.35,295.1,33885474,SBIN
2018-08-02,293.0,296.4,290.55,293.9,15665209,SBIN
2018-08-03,294.6,299.95,294.5,299.25,18254462,SBIN
2018-08-06,300.6,311.35,300.6,308.5,31576923,SBIN
2018-08-07,309.85,311.7,303.05,304.05,23929123,SBIN
2018-08-08,304.05,310.9,303.05,308.7,20498279,SBIN
2018-08-09,312.95,319.85,310.15,317.4,46464355,SBIN
2018-08-10,317.65,326.4,300.5,304.45,111510771,SBIN
2018-08-13,296.0,302.8,291.1,294.15,58127432,SBIN
2018-08-14,296.7,298.95,293.35,294.9,25294933,SBIN
2018-08-16,293.5,298.4,290.25,292.7,31083900,SBIN
2018-08-17,295.0,302.7,294.05,302.1,21931134,SBIN
2018-08-20,304.1,308.7,303.6,307.65,20240462,SBIN
2018-08-21,308.3,308.85,303.35,307.0,14139592,SBIN
2018-08-23,306.95,306.95,298.3,302.45,22721004,SBIN
2018-08-24,300.6,305.7,299.0,300.45,18869585,SBIN
2018-08-27,304.0,310.35,303.3,308.0,28111768,SBIN
2018-08-28,308.05,310.25,303.4,305.35,16890236,SBIN
2018-08-29,306.8,312.0,305.75,309.7,24320824,SBIN
2018-08-30,309.3,310.5,306.0,308.6,19935935,SBIN
2018-08-31,307.9,310.65,304.55,309.6,18100140,SBIN
2018-09-03,312.5,312.5,304.8,306.35,14708076,SBIN
2018-09-04,306.8,307.45,295.45,296.4,42859084,SBIN
2018-09-05,296.5,298.85,290.4,296.55,22922686,SBIN
2018-09-06,298.0,299.85,294.5,296.45,18001336,SBIN
2018-09-07,295.9,295.9,289.45,291.65,23716678,SBIN
2018-09-10,290.65,293.25,283.8,284.85,23354395,SBIN
2018-09-11,287.35,291.45,281.65,282.6,28361400,SBIN
2018-09-12,284.0,286.7,280.0,285.3,22717796,SBIN
2018-09-14,290.1,291.8,288.7,290.65,15149585,SBIN
2018-09-17,288.5,288.5,284.1,285.3,16089996,SBIN
2018-09-18,285.0,286.9,272.4,273.8,33901000,SBIN
2018-09-19,275.4,282.85,270.5,271.5,40759431,SBIN
2018-09-21,274.2,279.45,253.4,270.6,39308482,SBIN
2018-09-24,272.7,273.0,262.6,264.35,24633374,SBIN
2018-09-25,264.0,272.95,260.8,270.9,28948831,SBIN
2018-09-26,274.0,274.0,262.75,263.85,23951904,SBIN
2018-09-27,264.5,268.6,263.75,265.35,24829383,SBIN
2018-09-28,266.4,273.5,262.5,265.5,33803139,SBIN
2018-10-01,265.5,275.2,264.1,273.85,17711738,SBIN
2018-10-03,273.35,278.7,270.6,271.7,19714943,SBIN
2018-10-04,267.95,272.7,265.7,271.35,17754204,SBIN
2018-10-05,271.0,271.0,256.0,258.35,36628643,SBIN
2018-10-08,259.75,268.5,258.35,265.75,21100804,SBIN
2018-10-09,268.0,268.15,260.0,262.95,16010883,SBIN
2018-10-10,261.6,280.45,261.2,278.65,31772330,SBIN
2018-10-11,268.0,271.5,260.6,262.15,46291120,SBIN
2018-10-12,266.0,267.9,261.5,263.75,42967696,SBIN
2018-10-15,264.4,265.7,261.1,263.2,21965859,SBIN
2018-10-16,264.6,270.85,263.35,270.3,33597068,SBIN
2018-10-17,273.75,275.0,260.0,261.15,21631573,SBIN
2018-10-19,259.7,264.2,258.1,261.1,28474307,SBIN
2018-10-22,266.0,266.0,259.45,260.35,19933462,SBIN
2018-10-23,258.0,259.0,255.0,255.65,20206307,SBIN
2018-10-24,260.25,261.8,252.8,255.7,25636533,SBIN
2018-10-25,254.5,255.0,248.4,249.55,33066232,SBIN
2018-10-26,252.0,252.5,247.4,248.1,20543437,SBIN
2018-10-29,250.0,269.25,248.4,267.9,37768359,SBIN
2018-10-30,267.5,279.1,266.0,273.15,33401683,SBIN
2018-10-31,275.0,282.75,268.6,281.4,28137370,SBIN
2018-11-01,283.0,289.0,278.85,285.9,29144808,SBIN
2018-11-02,287.9,292.8,283.2,285.35,27760214,SBIN
2018-11-05,286.45,300.0,283.5,294.95,44619891,SBIN
2018-11-06,296.1,298.3,283.9,286.45,40688243,SBIN
2018-11-07,288.9,288.9,285.95,286.55,3312160,SBIN
2018-11-09,287.0,287.5,282.45,283.25,19201007,SBIN
2018-11-12,283.7,283.7,276.85,277.95,24044907,SBIN
2018-11-13,276.3,279.7,273.35,278.05,25633628,SBIN
2018-11-14,280.4,287.7,278.0,283.6,52674807,SBIN
2018-11-15,283.85,287.05,281.15,285.4,18445463,SBIN
2018-11-16,285.9,291.8,282.6,290.9,24805910,SBIN
2018-11-19,293.5,293.5,286.05,288.15,13799970,SBIN
2018-11-20,285.9,288.55,282.5,283.45,12900924,SBIN
2018-11-21,283.45,289.55,283.05,287.05,16167419,SBIN
2018-11-22,285.95,287.05,281.6,282.7,12066797,SBIN
2018-11-26,284.1,287.25,279.6,286.4,16846820,SBIN
2018-11-27,284.6,290.5,284.05,289.4,21242956,SBIN
2018-11-28,289.4,292.45,283.0,284.55,19837609,SBIN
2018-11-29,289.3,289.65,284.25,286.4,27919104,SBIN
2018-11-30,288.8,290.9,283.2,284.65,17583510,SBIN
2018-12-03,286.7,287.9,283.25,286.8,15772176,SBIN
2018-12-04,287.95,287.95,281.9,282.55,11897307,SBIN
2018-12-05,282.45,283.2,277.05,280.15,14893748,SBIN
2018-12-06,278.0,279.25,275.1,275.65,11083451,SBIN
2018-12-07,277.0,277.35,272.1,275.4,10165275,SBIN
2018-12-10,271.0,276.4,270.15,274.2,11947887,SBIN
2018-12-11,268.35,283.25,268.35,281.25,30927239,SBIN
2018-12-12,283.75,285.85,282.2,285.25,21765939,SBIN
2018-12-13,290.0,294.0,285.75,289.0,24097152,SBIN
2018-12-14,288.5,290.8,287.05,289.2,12156361,SBIN
2018-12-17,289.3,291.45,287.3,289.5,12728014,SBIN
2018-12-18,287.85,294.0,287.0,292.75,13606582,SBIN
2018-12-19,294.7,302.0,294.7,300.7,26124125,SBIN
2018-12-20,298.35,301.65,293.15,294.05,19222232,SBIN
2018-12-21,293.65,296.5,290.8,291.9,15777301,SBIN
2018-12-24,293.5,295.0,290.15,293.05,12048877,SBIN
2018-12-26,292.85,295.0,287.15,294.15,12684324,SBIN
2018-12-27,296.7,297.6,291.5,292.15,15304564,SBIN
2018-12-28,293.6,297.1,293.55,294.8,12876558,SBIN
2018-12-31,297.2,298.25,295.5,295.9,9526067,SBIN
2019-01-01,297.5,300.7,293.85,299.6,11837127,SBIN
2019-01-02,299.1,302.5,293.1,293.9,25559853,SBIN
2019-01-03,295.0,295.55,290.1,291.1,17548347,SBIN
2019-01-04,292.1,299.0,291.5,297.65,19514041,SBIN
2019-01-07,301.05,301.5,295.2,296.3,14579399,SBIN
2019-01-08,295.8,306.0,294.75,305.3,22949961,SBIN
2019-01-09,306.0,307.1,300.75,305.3,21109911,SBIN
2019-01-10,305.1,307.5,303.5,305.55,16295468,SBIN
2019-01-11,305.4,306.2,300.95,302.75,12702551,SBIN
2019-01-14,301.0,303.6,299.55,300.4,10372933,SBIN
2019-01-15,302.0,303.6,301.1,301.65,9444374,SBIN
2019-01-16,303.0,306.65,302.1,303.15,12111480,SBIN
2019-01-17,303.9,304.35,295.6,297.4,15974634,SBIN
2019-01-18,298.75,299.85,294.25,294.95,9082501,SBIN
2019-01-21,295.9,296.75,291.45,292.45,10188647,SBIN
2019-01-22,293.0,293.0,288.2,290.25,11297989,SBIN
2019-01-23,290.45,292.95,285.5,286.65,10304608,SBIN
2019-01-24,286.65,289.9,285.5,288.05,11532528,SBIN
2019-01-25,289.6,291.0,283.2,285.4,11121223,SBIN
2019-01-28,285.65,286.6,277.3,281.6,18905470,SBIN
2019-01-29,281.0,286.0,276.55,280.6,17435611,SBIN
2019-01-30,281.2,289.4,280.25,287.45,18908654,SBIN
2019-01-31,290.0,294.8,288.0,293.65,25546487,SBIN
2019-02-01,296.9,302.7,282.0,284.4,60015958,SBIN
2019-02-04,282.4,285.2,277.85,283.95,20642919,SBIN
2019-02-05,284.2,287.0,283.0,284.65,13291133,SBIN
2019-02-06,285.85,289.75,283.5,289.05,12149759,SBIN
2019-02-07,289.4,294.0,286.6,287.4,19733315,SBIN
2019-02-08,285.6,288.0,282.2,286.0,19781908,SBIN
2019-02-11,285.95,285.95,280.0,280.5,15420017,SBIN
2019-02-12,280.65,282.2,274.65,275.4,15326106,SBIN
2019-02-13,276.5,276.7,266.7,268.2,18662893,SBIN
2019-02-14,268.0,268.35,263.65,267.1,26372671,SBIN
2019-02-15,268.85,268.85,261.3,262.95,23366091,SBIN
2019-02-18,264.4,265.5,258.8,259.95,14781744,SBIN
2019-02-19,260.9,267.5,260.3,262.9,19064306,SBIN
2019-02-20,264.5,268.3,264.3,267.7,15514595,SBIN
2019-02-21,270.3,271.0,267.3,268.0,13760702,SBIN
2019-02-22,267.9,271.9,267.6,270.95,12536918,SBIN
2019-02-25,271.3,271.4,267.9,270.15,20793897,SBIN
2019-02-26,266.8,268.2,263.25,266.35,15274303,SBIN
2019-02-27,268.0,272.7,266.55,267.65,20571652,SBIN
2019-02-28,267.7,270.8,267.65,269.05,31636468,SBIN
2019-03-01,270.55,274.6,270.1,272.95,20024726,SBIN
2019-03-05,271.7,277.85,271.2,276.45,21533972,SBIN
2019-03-06,277.3,282.55,276.45,278.1,22161376,SBIN
2019-03-07,279.45,282.5,277.65,281.75,14899105,SBIN
2019-03-08,281.85,284.25,279.6,281.2,19943319,SBIN
2019-03-11,285.3,289.0,283.5,287.35,22931245,SBIN
2019-03-12,289.2,289.9,285.75,286.9,20828136,SBIN
2019-03-13,288.1,294.4,284.7,293.15,23725641,SBIN
2019-03-14,294.5,294.7,290.75,291.9,16164017,SBIN
2019-03-15,292.6,301.3,292.5,298.4,37928480,SBIN
2019-03-18,298.9,300.9,294.65,298.95,23782967,SBIN
2019-03-19,300.15,306.6,299.15,303.05,27218691,SBIN
2019-03-20,302.8,304.65,300.05,303.8,18820555,SBIN
2019-03-22,304.3,306.4,296.95,298.05,17865957,SBIN
2019-03-25,294.0,295.45,292.2,294.0,16895511,SBIN
2019-03-26,294.75,305.0,294.75,303.5,18303791,SBIN
2019-03-27,305.25,310.85,304.35,308.8,35956450,SBIN
2019-03-28,310.1,339.65,309.05,319.0,63244736,SBIN
2019-03-29,321.1,323.0,316.25,320.75,30394717,SBIN
2019-04-01,321.8,327.65,321.05,322.75,22372357,SBIN
2019-04-02,323.65,331.0,322.1,329.0,27897583,SBIN
2019-04-03,331.0,332.45,319.5,320.5,30552104,SBIN
2019-04-04,321.5,325.75,318.3,321.8,27832294,SBIN
2019-04-05,323.7,323.7,315.0,317.05,23117232,SBIN
2019-04-08,318.25,319.25,311.1,312.8,17394139,SBIN
2019-04-09,313.95,315.7,308.1,314.75,25556039,SBIN
2019-04-10,314.85,317.05,310.0,310.9,19237974,SBIN
2019-04-11,311.0,315.4,308.7,314.9,14897935,SBIN
2019-04-12,314.6,316.4,311.2,315.25,14751964,SBIN
2019-04-15,315.5,318.7,313.75,315.6,13864791,SBIN
2019-04-16,316.6,319.4,314.7,315.75,14940726,SBIN
2019-04-18,315.8,315.8,308.05,310.8,15691168,SBIN
2019-04-22,308.8,312.3,306.35,310.05,15665440,SBIN
2019-04-23,310.05,313.75,304.6,305.25,17324274,SBIN
2019-04-24,305.85,311.95,303.6,310.75,15228591,SBIN
2019-04-25,311.0,312.0,305.4,306.2,30842477,SBIN
2019-04-26,306.9,313.5,306.6,312.5,14987906,SBIN
2019-04-30,312.0,312.0,305.0,309.95,18178758,SBIN
2019-05-02,308.05,311.4,305.65,308.15,16640100,SBIN
2019-05-03,309.0,311.8,308.8,310.0,12452689,SBIN
2019-05-06,306.8,310.3,305.9,308.75,10639216,SBIN
2019-05-07,310.7,313.4,303.75,305.45,15219845,SBIN
2019-05-08,303.95,305.3,296.75,298.25,22103678,SBIN
2019-05-09,297.6,301.0,296.1,299.3,12654440,SBIN
2019-05-10,301.8,310.75,292.45,308.05,60739833,SBIN
2019-05-13,310.0,314.2,305.3,306.9,40101505,SBIN
2019-05-14,307.85,316.75,305.1,314.65,30521436,SBIN
2019-05-15,316.2,317.9,311.0,312.1,27932459,SBIN
2019-05-16,312.5,317.1,309.55,315.75,18147559,SBIN
2019-05-17,315.65,321.95,313.45,319.25,25838962,SBIN
2019-05-20,332.0,345.8,331.0,344.7,53207071,SBIN
2019-05-21,345.9,347.55,336.25,337.55,33457162,SBIN
2019-05-22,338.9,342.6,333.55,341.1,32002499,SBIN
2019-05-23,353.0,364.0,339.2,342.2,74413322,SBIN
2019-05-24,344.95,357.0,343.5,355.35,35703403,SBIN
2019-05-27,355.05,362.5,354.0,361.7,31374994,SBIN
2019-05-28,360.95,361.7,356.65,360.05,23501608,SBIN
2019-05-29,358.0,359.0,347.15,348.65,28370210,SBIN
2019-05-30,349.75,355.0,347.5,353.55,25712604,SBIN
2019-05-31,354.35,357.9,344.65,352.5,32588069,SBIN
2019-06-03,352.35,356.45,349.65,355.45,18380919,SBIN
2019-06-04,354.0,357.2,351.4,352.4,18130636,SBIN
2019-06-06,349.0,349.6,335.9,336.9,41941144,SBIN
2019-06-07,337.0,342.75,336.0,342.05,29739710,SBIN
2019-06-10,346.0,347.3,340.15,344.3,20500542,SBIN
2019-06-11,345.05,348.3,342.85,347.1,16281297,SBIN
2019-06-12,346.95,346.95,342.3,344.0,11564970,SBIN
2019-06-13,343.0,347.45,339.8,346.5,15509948,SBIN
2019-06-14,345.5,346.35,342.55,343.8,10347594,SBIN
2019-06-17,343.75,343.75,336.95,337.85,13779496,SBIN
2019-06-18,335.5,344.0,333.8,340.05,21957480,SBIN
2019-06-19,343.1,345.2,335.5,338.85,16416903,SBIN
2019-06-20,341.0,346.25,335.6,345.15,20626861,SBIN
2019-06-21,344.8,350.7,343.15,349.4,24749090,SBIN
2019-06-24,350.0,354.75,349.65,353.2,17919504,SBIN
2019-06-25,352.7,357.0,351.25,356.55,15922634,SBIN
2019-06-26,355.75,359.0,354.3,358.15,15835579,SBIN
2019-06-27,358.1,363.0,357.25,362.15,29658120,SBIN
2019-06-28,362.2,365.0,358.7,361.25,22708464,SBIN
2019-07-01,362.8,363.0,358.5,361.55,12348793,SBIN
2019-07-02,362.15,365.0,360.35,364.5,14482172,SBIN
2019-07-03,365.25,366.7,363.0,366.15,12626285,SBIN
2019-07-04,367.25,370.9,366.2,367.4,19252646,SBIN
2019-07-05,369.45,373.6,366.0,370.65,30019347,SBIN
2019-07-08,368.0,368.45,353.5,355.3,27247892,SBIN
2019-07-09,353.5,360.0,352.5,359.5,16579914,SBIN
2019-07-10,360.55,361.5,351.3,354.2,18681819,SBIN
2019-07-11,358.5,364.0,357.0,363.2,20048321,SBIN
2019-07-12,363.0,366.55,361.5,363.6,14661748,SBIN
2019-07-15,364.1,365.0,357.6,360.05,15665939,SBIN
2019-07-16,358.5,366.0,357.65,364.35,16251836,SBIN
2019-07-17,364.05,373.55,363.05,372.4,17545177,SBIN
2019-07-18,371.95,373.8,362.55,363.65,21691056,SBIN
2019-07-19,365.1,366.05,355.15,356.0,22213173,SBIN
2019-07-22,356.0,359.55,348.7,350.85,19682038,SBIN
2019-07-23,351.2,353.0,341.0,342.2,27956145,SBIN
2019-07-24,341.85,344.7,336.25,339.6,20823143,SBIN
2019-07-25,341.7,343.2,337.4,341.3,19857643,SBIN
2019-07-26,340.8,346.15,340.5,342.6,16139052,SBIN
2019-07-29,343.95,346.55,336.8,343.8,17060483,SBIN
2019-07-30,344.4,346.7,325.85,327.55,24437235,SBIN
2019-07-31,325.1,333.2,323.9,332.2,22741445,SBIN
2019-08-01,330.8,331.5,311.35,317.15,40853304,SBIN
2019-08-02,315.55,322.25,307.05,308.45,64472348,SBIN
2019-08-05,298.45,302.85,291.7,300.25,48815899,SBIN
2019-08-06,298.8,304.25,297.25,301.4,30442970,SBIN
2019-08-07,302.4,302.45,288.8,289.9,30820114,SBIN
2019-08-08,290.0,295.5,285.6,294.35,32929233,SBIN
2019-08-09,296.3,298.0,290.05,291.35,23377581,SBIN
2019-08-13,290.9,291.55,282.5,283.35,24231272,SBIN
2019-08-14,285.05,291.25,284.5,289.75,18523649,SBIN
2019-08-16,287.95,292.8,284.3,290.9,20047399,SBIN
2019-08-19,292.0,292.4,286.0,286.85,19831459,SBIN
2019-08-20,287.3,287.4,280.65,283.7,23204417,SBIN
2019-08-21,285.5,285.6,276.3,277.4,28226325,SBIN
2019-08-22,278.3,278.3,267.3,268.55,27728925,SBIN
2019-08-23,267.1,275.25,262.7,271.1,35212444,SBIN
2019-08-26,288.0,288.0,270.0,280.2,64066440,SBIN
2019-08-27,284.0,288.0,282.6,285.7,45164811,SBIN
2019-08-28,286.65,286.65,282.2,284.9,18979998,SBIN
2019-08-29,283.2,284.3,273.3,274.5,27083514,SBIN
2019-08-30,275.95,277.95,266.85,273.85,45702652,SBIN
2019-09-03,272.0,272.0,266.95,268.4,21241863,SBIN
2019-09-04,269.7,275.85,267.25,275.1,27309675,SBIN
2019-09-05,275.0,276.35,271.05,273.3,25085139,SBIN
2019-09-06,275.05,277.0,272.1,273.95,16675146,SBIN
2019-09-09,273.95,278.7,271.0,278.0,18616889,SBIN
2019-09-11,278.5,285.85,278.5,285.25,20999669,SBIN
2019-09-12,286.75,288.8,284.15,287.05,21964832,SBIN
2019-09-13,285.0,292.5,282.0,291.7,27303181,SBIN
2019-09-16,288.2,290.45,283.8,284.7,18267680,SBIN
2019-09-17,285.0,286.45,273.0,273.95,21533362,SBIN
2019-09-18,277.2,282.95,274.4,280.4,25478758,SBIN
2019-09-19,279.95,279.95,273.05,274.05,23387797,SBIN
2019-09-20,274.5,307.65,268.4,301.7,84481749,SBIN
2019-09-23,307.55,316.0,300.4,313.75,54178171,SBIN
2019-09-24,313.15,315.15,300.8,302.6,40096711,SBIN
2019-09-25,297.0,297.5,278.7,280.25,73063465,SBIN
2019-09-26,281.5,289.9,277.0,281.85,79005946,SBIN
2019-09-27,282.7,286.05,280.0,281.2,37851718,SBIN
2019-09-30,281.4,281.85,270.15,270.8,41094131,SBIN
2019-10-01,272.75,275.5,245.55,255.95,79350077,SBIN
2019-10-03,254.0,260.7,250.1,254.15,56207921,SBIN
2019-10-04,258.5,260.5,248.55,249.95,60029186,SBIN
2019-10-07,251.5,253.4,246.85,249.1,39160623,SBIN
2019-10-09,250.1,262.0,244.35,260.95,60328507,SBIN
2019-10-10,258.0,258.0,252.6,254.15,37577511,SBIN
2019-10-11,256.2,261.4,251.5,254.55,43272106,SBIN
2019-10-14,256.95,259.4,254.0,255.45,28265136,SBIN
2019-10-15,256.45,259.9,254.8,258.45,23444973,SBIN
2019-10-16,259.3,261.95,255.0,256.05,30892295,SBIN
2019-10-17,256.4,266.0,255.6,265.45,37061013,SBIN
2019-10-18,264.4,271.35,263.2,269.65,33203721,SBIN
2019-10-22,270.4,275.0,268.5,270.5,27574295,SBIN
2019-10-23,270.75,277.8,268.65,275.45,31789622,SBIN
2019-10-24,276.0,277.65,248.65,262.5,63943183,SBIN
2019-10-25,265.8,284.15,263.55,281.55,105518180,SBIN
2019-10-27,284.95,284.95,280.25,281.8,12185529,SBIN
2019-10-29,283.15,285.0,278.55,280.65,51033578,SBIN
2019-10-30,283.0,291.0,279.25,289.9,51469048,SBIN
2019-10-31,293.35,317.8,292.75,312.4,128449327,SBIN
2019-11-01,312.4,315.0,308.6,313.55,44894016,SBIN
2019-11-04,316.0,319.0,312.35,314.3,31535656,SBIN
2019-11-05,313.9,322.0,312.8,319.2,50080853,SBIN
2019-11-06,318.95,318.95,314.0,317.55,32157080,SBIN
2019-11-07,318.25,323.3,316.8,318.15,33926772,SBIN
2019-11-08,316.2,321.0,314.5,316.0,25423362,SBIN
2019-11-11,314.7,319.65,313.1,318.25,20491942,SBIN
2019-11-13,316.05,318.6,305.65,306.8,32675829,SBIN
2019-11-14,306.95,309.5,299.7,306.0,43617772,SBIN
2019-11-15,312.0,323.7,310.05,321.9,95199897,SBIN
2019-11-18,324.0,329.85,323.75,325.1,39009263,SBIN
2019-11-19,325.8,331.8,322.1,330.4,41372145,SBIN
2019-11-20,332.0,332.5,325.1,328.8,29972583,SBIN
2019-11-21,329.25,332.85,326.55,331.35,34116162,SBIN
2019-11-22,331.45,333.8,328.25,329.3,28974967,SBIN
2019-11-25,329.0,337.5,328.35,336.1,27561300,SBIN
2019-11-26,338.0,340.0,332.6,335.5,36464072,SBIN
2019-11-27,335.95,345.55,334.05,343.55,33971305,SBIN
2019-11-28,346.85,351.0,344.5,349.3,42538227,SBIN
2019-11-29,348.85,348.85,340.6,341.85,23081823,SBIN
2019-12-02,343.9,344.35,336.2,338.5,20648850,SBIN
2019-12-03,341.0,342.95,333.35,336.25,26482178,SBIN
2019-12-04,334.1,342.95,331.85,341.85,26789483,SBIN
2019-12-05,343.0,344.6,335.15,336.2,30429507,SBIN
2019-12-06,336.7,337.65,318.0,320.0,47027528,SBIN
2019-12-09,318.95,327.65,314.75,316.7,52435239,SBIN
2019-12-10,317.2,322.65,312.25,313.4,52155809,SBIN
2019-12-11,311.2,315.75,308.0,312.8,52557951,SBIN
2019-12-12,314.0,322.95,313.55,321.85,37804216,SBIN
2019-12-13,325.2,333.45,325.0,332.55,40955226,SBIN
2019-12-16,335.95,337.25,330.8,331.85,35027613,SBIN
2019-12-17,333.25,335.75,330.65,332.9,26734601,SBIN
2019-12-18,335.0,335.55,325.8,326.95,26449075,SBIN
2019-12-19,327.35,329.6,324.5,328.15,27516289,SBIN
2019-12-20,330.35,339.5,330.35,337.85,51839714,SBIN
2019-12-23,335.7,338.85,330.35,332.4,30150335,SBIN
2019-12-24,333.2,334.2,329.2,331.45,21747782,SBIN
2019-12-26,333.0,333.45,328.1,329.85,24616942,SBIN
2019-12-27,333.4,338.35,333.0,337.25,33477173,SBIN
2019-12-30,337.75,337.85,332.5,334.4,22775554,SBIN
2019-12-31,334.4,336.35,332.55,333.75,23801635,SBIN
2020-01-01,334.7,335.95,332.15,334.45,17379320,SBIN
2020-01-02,334.5,339.85,333.35,339.3,20324236,SBIN
2020-01-03,337.95,337.95,332.0,333.7,21853208,SBIN
2020-01-06,331.7,331.7,317.7,319.0,35645325,SBIN
2020-01-07,324.45,327.0,315.4,318.4,50966826,SBIN
2020-01-08,312.1,321.5,311.0,319.8,44527485,SBIN
2020-01-09,326.9,331.4,325.0,330.2,40348407,SBIN
2020-01-10,331.0,337.95,328.1,332.25,42377838,SBIN
2020-01-13,334.0,335.45,329.05,330.75,23615129,SBIN
2020-01-14,329.8,331.7,326.5,328.0,26296117,SBIN
2020-01-15,329.0,329.2,322.35,324.25,32625740,SBIN
2020-01-16,324.0,326.9,322.35,323.3,26653623,SBIN
2020-01-17,313.0,323.5,310.1,318.0,58396326,SBIN
2020-01-20,321.0,321.45,313.4,314.0,30682902,SBIN
2020-01-21,313.8,316.95,312.0,313.7,30591772,SBIN
2020-01-22,317.0,317.0,313.7,316.15,24994911,SBIN
2020-01-23,316.0,324.8,314.15,323.2,33293610,SBIN
2020-01-24,323.5,327.3,321.15,324.05,22706879,SBIN
2020-01-27,320.9,322.0,315.8,316.2,23309355,SBIN
2020-01-28,317.95,320.0,311.05,315.1,26488426,SBIN
2020-01-29,317.85,319.7,315.55,316.45,23914114,SBIN
2020-01-30,316.75,316.75,305.65,310.7,35802330,SBIN
2020-01-31,313.7,321.7,308.6,318.45,92656638,SBIN
2020-02-01,317.95,322.65,296.3,302.6,61841736,SBIN
2020-02-03,303.0,306.85,295.35,298.1,56060158,SBIN
2020-02-04,302.9,307.55,297.1,306.25,51141567,SBIN
2020-02-05,306.9,313.65,304.6,311.0,35014841,SBIN
2020-02-06,311.2,323.5,310.1,321.95,57757656,SBIN
2020-02-07,321.5,325.0,318.4,320.55,37126803,SBIN
2020-02-10,319.8,322.8,316.5,318.5,24816396,SBIN
2020-02-11,321.05,325.8,321.05,324.35,30188757,SBIN
2020-02-12,329.9,329.9,319.25,320.2,38930849,SBIN
2020-02-13,322.0,330.95,322.0,327.45,62516057,SBIN
2020-02-14,328.1,331.9,318.55,319.4,48205947,SBIN
2020-02-17,320.95,321.15,311.65,314.2,36950692,SBIN
2020-02-18,315.4,319.2,309.4,317.55,38588583,SBIN
2020-02-19,322.3,324.0,317.25,320.35,39846727,SBIN
2020-02-20,319.35,329.2,318.75,327.65,40150409,SBIN
2020-02-24,325.75,331.3,321.85,322.95,45273936,SBIN
2020-02-25,325.9,328.15,322.2,326.8,39050709,SBIN
2020-02-26,324.85,330.8,324.2,328.2,43915281,SBIN
2020-02-27,328.0,330.0,318.0,321.95,47010040,SBIN
2020-02-28,312.0,314.65,301.1,303.0,59705346,SBIN
2020-03-02,311.0,312.0,284.05,287.4,66711413,SBIN
2020-03-03,293.0,294.4,285.3,289.85,61949382,SBIN
2020-03-04,291.8,293.0,275.1,285.3,73675736,SBIN
2020-03-05,290.9,298.4,270.0,288.5,149245973,SBIN
2020-03-06,268.0,274.4,253.95,270.5,106043172,SBIN
2020-03-09,260.05,262.75,251.15,253.45,101294751,SBIN
2020-03-11,253.0,258.5,243.1,245.1,90847179,SBIN
2020-03-12,231.9,231.9,208.6,212.6,99770256,SBIN
2020-03-13,200.0,248.8,184.65,242.0,155703140,SBIN
2020-03-16,227.9,231.4,220.6,223.35,75584607,SBIN
2020-03-17,227.2,229.9,212.05,215.15,65414721,SBIN
2020-03-18,221.0,223.15,200.1,215.2,101405421,SBIN
2020-03-19,202.95,219.75,198.15,203.65,93535977,SBIN
2020-03-20,205.55,215.7,200.0,209.85,77393021,SBIN
2020-03-23,190.0,199.5,180.25,181.6,61751758,SBIN
2020-03-24,190.95,191.95,173.55,183.2,67492010,SBIN
2020-03-25,178.0,195.25,176.45,189.9,71568237,SBIN
2020-03-26,191.55,201.0,185.1,192.75,107260674,SBIN
2020-03-27,202.0,211.9,195.0,195.95,114746995,SBIN
2020-03-30,190.0,195.0,186.25,186.9,60083237,SBIN
2020-03-31,192.0,198.5,188.05,196.85,59543906,SBIN
2020-04-01,194.0,194.5,185.25,186.55,52954482,SBIN
2020-04-03,187.55,188.2,175.0,175.5,64455937,SBIN
2020-04-07,184.4,187.3,177.6,186.4,72133717,SBIN
2020-04-08,182.9,194.4,180.45,183.0,80436673,SBIN
2020-04-09,188.0,190.0,183.6,187.75,62417301,SBIN
2020-04-13,186.8,188.7,183.1,183.5,51847574,SBIN
2020-04-15,187.0,191.95,180.15,182.35,72190294,SBIN
2020-04-16,182.0,189.9,180.25,188.5,61165997,SBIN
2020-04-17,196.0,198.0,186.3,193.25,89858053,SBIN
2020-04-20,194.0,197.35,190.05,192.5,81961666,SBIN
2020-04-21,188.0,188.2,183.0,184.75,53043573,SBIN
2020-04-22,185.5,189.5,181.35,188.7,61503792,SBIN
2020-04-23,187.75,189.9,185.15,186.7,50957437,SBIN
2020-04-24,184.0,184.0,179.0,179.75,65146846,SBIN
2020-04-27,183.5,183.5,180.5,180.9,43003001,SBIN
2020-04-28,182.0,185.35,181.2,184.3,49590249,SBIN
2020-04-29,185.0,191.8,183.5,190.1,57470639,SBIN
2020-04-30,193.5,195.9,189.7,190.5,63069460,SBIN
2020-05-04,182.45,183.5,178.0,178.85,58122608,SBIN
2020-05-05,181.0,181.25,168.8,170.4,91050629,SBIN
2020-05-06,171.15,173.3,166.55,171.1,73156881,SBIN
2020-05-07,170.85,172.55,168.8,170.75,42944139,SBIN
2020-05-08,172.45,173.8,166.1,166.65,55935527,SBIN
2020-05-11,167.95,168.9,165.0,165.45,54594499,SBIN
2020-05-12,164.2,168.5,160.85,166.9,70752913,SBIN
2020-05-13,178.55,178.55,170.5,174.1,81721884,SBIN
2020-05-14,170.95,171.75,167.5,167.95,48137099,SBIN
2020-05-15,167.95,168.25,164.7,166.4,35498484,SBIN
2020-05-18,166.4,166.4,155.0,155.3,77350889,SBIN
2020-05-19,157.5,157.85,152.4,152.8,71522983,SBIN
2020-05-20,153.0,155.25,151.15,153.4,66178068,SBIN
2020-05-21,153.65,156.15,151.5,151.95,61150189,SBIN
2020-05-22,152.0,155.6,149.45,150.85,87069955,SBIN
2020-05-26,152.4,153.2,150.2,151.4,48281208,SBIN
2020-05-27,151.95,160.8,150.8,158.6,88206678,SBIN
2020-05-28,159.45,162.4,156.7,158.2,76970390,SBIN
2020-05-29,156.1,161.9,155.2,161.3,58368035,SBIN
2020-06-01,164.0,171.4,163.35,170.05,92742124,SBIN
2020-06-02,169.9,171.3,167.2,170.25,70422258,SBIN
2020-06-03,172.5,179.9,172.0,174.9,113173574,SBIN
2020-06-04,174.9,177.65,171.5,174.05,83495015,SBIN
2020-06-05,176.55,189.8,176.0,187.8,201325176,SBIN
2020-06-08,197.0,197.5,185.8,186.8,151750421,SBIN
2020-06-09,187.7,191.0,183.35,184.45,96656234,SBIN
2020-06-10,184.55,189.0,183.8,187.7,67335901,SBIN
2020-06-11,188.0,190.4,176.35,177.15,91729798,SBIN
2020-06-12,170.0,180.0,169.8,179.15,92761694,SBIN
2020-06-15,177.85,177.85,172.0,173.7,63617286,SBIN
2020-06-16,178.0,178.95,169.4,172.9,63929925,SBIN
2020-06-17,171.0,176.2,169.25,172.95,73867145,SBIN
2020-06-18,172.4,180.65,171.1,179.65,58262367,SBIN
2020-06-19,180.3,184.95,179.5,184.5,76897890,SBIN
2020-06-22,185.0,191.75,184.25,187.7,80024673,SBIN
2020-06-23,189.6,193.1,187.85,192.45,65487726,SBIN
2020-06-24,194.8,194.9,183.9,184.6,74670206,SBIN
2020-06-25,182.2,186.8,180.4,185.25,73626947,SBIN
2020-06-26,188.0,188.6,183.8,184.6,49178705,SBIN
2020-06-29,183.0,183.1,178.5,179.25,50967079,SBIN
2020-06-30,181.1,182.9,177.25,178.45,43616291,SBIN
2020-07-01,179.45,185.4,178.6,184.8,54015536,SBIN
2020-07-02,185.65,188.0,184.0,185.45,52127613,SBIN
2020-07-03,186.65,186.85,183.4,184.7,38050996,SBIN
2020-07-06,186.6,189.85,186.15,188.05,43789749,SBIN
2020-07-07,187.0,189.2,184.05,188.6,55124984,SBIN
2020-07-08,188.9,197.45,188.4,191.9,143083196,SBIN
2020-07-09,192.8,201.0,192.55,199.1,89540860,SBIN
2020-07-10,198.0,202.5,194.8,195.6,111410003,SBIN
2020-07-13,198.8,199.8,191.6,192.7,61952344,SBIN
2020-07-14,192.3,192.3,184.6,186.05,62243325,SBIN
2020-07-15,187.95,189.95,183.0,183.8,58528072,SBIN
2020-07-16,185.0,186.95,181.65,186.25,46549518,SBIN
2020-07-17,186.8,189.5,185.0,188.2,47035751,SBIN
2020-07-20,190.0,193.25,188.75,190.75,45680606,SBIN
2020-07-21,192.45,196.2,191.5,194.4,59286092,SBIN
2020-07-22,195.7,196.75,190.1,192.0,62276770,SBIN
2020-07-23,192.4,199.1,191.15,198.25,70802269,SBIN
2020-07-24,195.7,196.3,190.65,191.95,65266228,SBIN
2020-07-27,193.0,193.2,186.5,187.15,50714366,SBIN
2020-07-28,188.0,190.5,185.75,189.45,51490418,SBIN
2020-07-29,187.6,195.25,187.0,191.2,73766851,SBIN
2020-07-30,192.5,193.5,186.05,186.55,48478733,SBIN
2020-07-31,188.0,194.85,186.7,191.45,145903102,SBIN
2020-08-03,192.0,194.6,190.05,192.25,72457670,SBIN
2020-08-04,193.35,193.8,190.5,191.6,43867110,SBIN
2020-08-05,192.75,196.85,191.0,191.45,68888954,SBIN
2020-08-06,192.3,194.5,190.25,190.95,59740299,SBIN
2020-08-07,191.45,192.1,189.55,190.65,44822757,SBIN
2020-08-10,191.85,195.5,191.7,193.8,48785067,SBIN
2020-08-11,195.0,196.8,193.75,195.05,43892064,SBIN
2020-08-12,196.0,204.25,194.6,203.3,157820882,SBIN
2020-08-13,205.5,207.3,200.75,201.9,70443500,SBIN
2020-08-14,203.0,204.0,194.6,196.5,56176117,SBIN
2020-08-17,198.45,198.65,191.5,193.1,54788249,SBIN
2020-08-18,193.8,195.75,191.7,195.1,46295650,SBIN
2020-08-19,196.4,200.3,195.9,197.05,59302164,SBIN
2020-08-20,194.0,196.35,193.25,194.75,37505379,SBIN
2020-08-21,199.0,201.5,197.65,198.4,68047789,SBIN
2020-08-24,200.0,202.8,198.6,201.45,53866579,SBIN
2020-08-25,204.0,208.45,202.7,207.95,105397006,SBIN
2020-08-26,208.5,210.35,206.15,209.85,66750983,SBIN
2020-08-27,210.5,216.5,210.5,215.65,80999489,SBIN
2020-08-28,217.0,225.9,216.8,224.85,95983850,SBIN
2020-08-31,231.55,231.55,210.35,212.0,119990567,SBIN
2020-09-01,213.1,218.9,211.2,218.1,75048317,SBIN
2020-09-02,218.25,219.0,212.3,216.25,47608719,SBIN
2020-09-03,217.5,218.25,212.3,213.15,38595597,SBIN
2020-09-04,210.0,212.3,205.9,206.6,54435819,SBIN
2020-09-07,207.5,209.65,205.4,207.9,35687677,SBIN
2020-09-08,207.9,208.5,202.9,204.05,34147081,SBIN
2020-09-09,201.1,201.4,192.5,194.85,72716962,SBIN
2020-09-10,197.7,201.45,195.2,198.15,67790247,SBIN
2020-09-11,198.55,203.85,197.0,202.7,48488142,SBIN
2020-09-14,205.9,206.2,197.35,198.5,63606706,SBIN
2020-09-15,199.9,201.0,197.1,200.15,51762796,SBIN
2020-09-16,199.85,200.05,196.25,198.2,52407160,SBIN
2020-09-17,197.0,198.0,195.0,195.45,41226058,SBIN
2020-09-18,196.0,197.2,189.7,192.6,55286449,SBIN
2020-09-21,193.05,193.5,184.25,185.8,57614739,SBIN
2020-09-22,186.15,188.3,181.15,186.2,51216440,SBIN
2020-09-23,188.15,188.95,181.0,183.8,44321881,SBIN
2020-09-24,181.1,181.8,175.5,176.35,46115352,SBIN
2020-09-25,179.0,182.75,176.15,182.2,46550618,SBIN
2020-09-28,184.0,188.15,183.35,187.25,41921659,SBIN
2020-09-29,188.5,188.95,183.25,185.05,35688939,SBIN
2020-09-30,185.05,186.8,182.4,185.4,37642302,SBIN
2020-10-01,187.0,191.2,186.9,190.3,43589041,SBIN
2020-10-05,192.0,193.8,187.05,188.75,41694812,SBIN
2020-10-06,191.1,192.1,188.3,191.6,31098807,SBIN
2020-10-07,192.55,193.15,189.1,190.7,34578821,SBIN
2020-10-08,191.35,195.8,190.55,191.5,43351954,SBIN
2020-10-09,192.0,198.8,190.55,198.3,64908374,SBIN
2020-10-12,199.7,205.95,197.25,198.7,69125880,SBIN
2020-10-13,198.65,200.0,195.1,195.7,34949604,SBIN
2020-10-14,194.05,200.9,193.05,200.05,40550062,SBIN
2020-10-15,201.0,202.5,192.0,192.85,49184944,SBIN
2020-10-16,194.0,196.75,191.6,195.95,36894938,SBIN
2020-10-19,196.2,204.6,196.05,204.0,60223657,SBIN
2020-10-20,201.0,204.35,200.7,203.05,39317197,SBIN
2020-10-21,204.7,207.3,198.85,203.75,54516482,SBIN
2020-10-22,201.9,204.6,201.1,203.3,33721761,SBIN
2020-10-23,204.0,205.6,201.55,202.8,32708098,SBIN
2020-10-26,202.7,204.0,195.6,196.7,45471498,SBIN
2020-10-27,197.25,197.55,192.25,194.65,37802664,SBIN
2020-10-28,195.0,195.0,189.05,190.45,46462213,SBIN
2020-10-29,189.35,190.7,185.9,188.7,44823105,SBIN
2020-10-30,189.35,192.0,186.15,189.25,41520135,SBIN
2020-11-02,192.2,197.25,190.05,196.05,52600119,SBIN
2020-11-03,198.0,205.8,197.6,204.75,69890201,SBIN
2020-11-04,203.5,209.0,198.05,207.0,117577856,SBIN
2020-11-05,216.0,221.0,214.75,218.65,138023646,SBIN
2020-11-06,219.0,221.85,217.05,219.2,73147085,SBIN
2020-11-09,222.5,222.65,217.05,219.5,60359458,SBIN
2020-11-10,223.1,235.0,223.0,231.7,135294550,SBIN
2020-11-11,232.75,239.35,227.75,234.2,107094861,SBIN
2020-11-12,233.2,233.35,225.65,226.8,58859905,SBIN
2020-11-13,225.0,230.65,220.1,229.45,70676525,SBIN
2020-11-14,232.0,232.9,227.75,229.65,7753219,SBIN
2020-11-17,231.85,241.6,231.0,240.2,80501583,SBIN
2020-11-18,239.4,253.0,237.9,252.0,104514060,SBIN
2020-11-19,248.0,251.8,239.0,239.75,82284278,SBIN
2020-11-20,241.5,245.4,233.95,242.75,84411129,SBIN
2020-11-23,243.5,246.15,238.1,238.7,57538324,SBIN
2020-11-24,240.5,245.0,239.5,243.85,47636611,SBIN
2020-11-25,245.45,249.9,241.6,243.0,74767232,SBIN
2020-11-26,244.0,246.25,240.15,245.45,64248318,SBIN
2020-11-27,245.45,246.25,242.05,244.25,54355703,SBIN
2020-12-01,245.0,248.95,244.25,248.05,37003272,SBIN
2020-12-02,248.35,250.85,244.1,246.95,56723083,SBIN
2020-12-03,249.3,259.0,248.0,256.3,79266442,SBIN
2020-12-04,257.0,264.35,253.55,263.5,79252024,SBIN
2020-12-07,263.8,271.45,263.0,269.6,76053084,SBIN
2020-12-08,270.95,273.7,265.25,271.9,65617502,SBIN
2020-12-09,272.1,274.9,269.2,270.35,48495641,SBIN
2020-12-10,269.0,271.0,265.55,269.55,38676657,SBIN
2020-12-11,270.05,276.25,270.05,272.45,50255223,SBIN
2020-12-14,274.0,276.15,272.35,274.2,31946501,SBIN
2020-12-15,274.05,274.05,268.15,270.65,34890948,SBIN
2020-12-16,272.8,273.65,268.5,269.4,24844177,SBIN
2020-12-17,270.0,272.15,266.7,267.7,25904699,SBIN
2020-12-18,267.7,271.95,265.0,271.45,29816205,SBIN
2020-12-21,268.45,269.0,251.05,254.7,55160758,SBIN
2020-12-22,254.8,258.7,248.25,257.45,51189571,SBIN
2020-12-23,256.95,263.9,255.6,263.0,29056404,SBIN
2020-12-24,265.0,268.85,264.65,266.85,28585509,SBIN
2020-12-28,268.75,276.0,268.0,275.2,36870242,SBIN
2020-12-29,276.3,279.9,274.7,277.9,45032526,SBIN
2020-12-30,278.0,278.7,272.5,276.9,30971894,SBIN
2020-12-31,275.0,277.25,272.6,274.95,29467966,SBIN
2021-01-01,274.9,280.0,274.4,279.4,24531791,SBIN
2021-01-04,281.85,283.9,277.75,281.05,31450608,SBIN
2021-01-05,278.05,282.45,277.0,281.75,27393072,SBIN
2021-01-06,283.0,289.15,281.4,285.05,40765708,SBIN
2021-01-07,289.0,291.8,287.0,287.7,30546600,SBIN
2021-01-08,290.1,291.4,285.2,286.0,32543357,SBIN
2021-01-11,288.0,288.2,279.6,282.5,29703173,SBIN
2021-01-12,280.0,293.85,277.9,292.5,44307145,SBIN
2021-01-13,296.0,308.0,294.5,306.8,78042133,SBIN
2021-01-14,306.7,309.25,303.8,307.25,40123498,SBIN
2021-01-15,306.8,310.9,301.3,303.85,35307601,SBIN
2021-01-18,303.5,308.65,292.2,294.45,54969750,SBIN
2021-01-19,297.65,302.5,296.4,298.6,35803901,SBIN
2021-01-20,298.8,304.7,296.85,302.55,33759304,SBIN
2021-01-21,304.0,305.15,291.5,294.85,29995203,SBIN
2021-01-22,295.5,298.0,282.4,283.7,44440810,SBIN
2021-01-25,284.5,288.0,277.05,280.95,34034630,SBIN
2021-01-27,280.2,284.85,272.7,275.65,39211107,SBIN
2021-01-28,271.9,283.35,269.5,282.35,48717297,SBIN
2021-01-29,285.6,290.65,279.1,282.1,42300984,SBIN
2021-02-01,285.1,313.9,282.75,310.7,103414068,SBIN
2021-02-02,315.0,337.4,315.0,333.1,121434166,SBIN
2021-02-03,333.75,339.9,325.8,335.95,66420168,SBIN
2021-02-04,334.4,358.0,331.1,355.1,145203439,SBIN
2021-02-05,387.0,408.35,385.15,393.1,214955688,SBIN
2021-02-08,398.0,407.8,394.75,397.05,79389205,SBIN
2021-02-09,396.75,403.5,389.0,394.8,63869990,SBIN
2021-02-10,394.05,397.9,388.0,392.25,54163507,SBIN
2021-02-11,391.8,396.95,388.25,390.15,36392708,SBIN
2021-02-12,391.0,399.35,385.55,393.15,53589755,SBIN
2021-02-15,397.5,409.45,395.7,406.95,56608937,SBIN
2021-02-16,412.0,415.75,400.3,402.35,80365431,SBIN
2021-02-17,403.0,414.85,400.15,411.75,74161370,SBIN
2021-02-18,425.05,427.7,413.7,415.2,67154539,SBIN
2021-02-19,415.0,415.0,395.0,399.55,66155518,SBIN
2021-02-22,400.6,401.0,385.65,389.5,52535049,SBIN
2021-02-23,392.0,399.7,389.0,395.6,45462768,SBIN
2021-02-24,397.0,410.5,395.2,406.25,39632090,SBIN
2021-02-25,411.0,414.9,406.55,407.25,46988836,SBIN
2021-02-26,399.5,401.0,387.0,390.15,64450414,SBIN
2021-03-01,395.1,397.7,391.0,394.95,29677890,SBIN
2021-03-02,395.0,399.55,390.55,394.2,30534337,SBIN
2021-03-03,396.5,408.9,396.0,405.05,46268223,SBIN
2021-03-04,398.7,403.5,394.45,395.65,43603653,SBIN
2021-03-05,395.0,395.0,378.1,383.65,72179228,SBIN
2021-03-08,388.45,393.4,386.05,389.6,39147858,SBIN
2021-03-09,393.45,394.9,382.25,387.6,28054083,SBIN
2021-03-10,391.1,393.0,385.7,387.7,22677399,SBIN
2021-03-12,391.7,393.2,377.5,381.1,35336355,SBIN
2021-03-15,382.5,386.0,369.35,383.9,42722976,SBIN
2021-03-16,385.6,387.85,376.1,378.55,38196452,SBIN
2021-03-17,378.2,379.65,366.05,368.15,33143064,SBIN
2021-03-18,371.5,375.0,361.1,367.1,39405038,SBIN
2021-03-19,363.95,372.9,357.25,371.15,60309145,SBIN
2021-03-22,372.0,372.8,363.5,367.0,28461974,SBIN
2021-03-23,368.7,377.95,367.05,372.7,41032380,SBIN
2021-03-24,368.5,369.05,358.65,359.85,42318999,SBIN
2021-03-25,360.0,360.85,345.2,355.2,57495003,SBIN
2021-03-26,360.0,362.0,354.55,357.2,40718848,SBIN
2021-03-30,360.1,364.3,356.3,360.8,39407496,SBIN
2021-03-31,360.3,367.85,357.95,364.3,38651025,SBIN
2021-04-01,367.7,371.9,363.1,370.65,31883453,SBIN
2021-04-05,367.5,369.2,349.05,353.55,51743981,SBIN
2021-04-06,355.7,357.0,349.3,350.55,44147709,SBIN
2021-04-07,351.25,363.2,347.6,358.55,48023602,SBIN
2021-04-08,361.0,363.3,354.3,355.6,33370259,SBIN
2021-04-09,354.4,364.5,351.2,353.0,46473100,SBIN
2021-04-12,344.0,344.0,322.55,328.85,75501713,SBIN
2021-04-13,332.0,342.25,330.5,341.0,49773360,SBIN
2021-04-15,342.1,347.55,336.1,342.7,52992349,SBIN
2021-04-16,343.0,345.5,338.65,339.9,37766793,SBIN
2021-04-19,327.15,332.05,321.3,331.15,53304377,SBIN
2021-04-20,335.1,339.9,326.7,329.5,41296147,SBIN
2021-04-22,326.0,337.65,323.3,336.65,49105833,SBIN
2021-04-23,331.65,339.9,331.65,336.45,44223940,SBIN
2021-04-26,339.25,347.45,339.25,344.3,49234985,SBIN
2021-04-27,344.0,354.95,342.4,353.05,46003023,SBIN
2021-04-28,357.0,364.3,356.05,363.4,56696255,SBIN
2021-04-29,365.0,369.95,355.5,359.4,63692926,SBIN
2021-04-30,353.45,362.5,350.45,353.5,53832840,SBIN
2021-05-03,349.6,352.5,341.4,350.6,43691860,SBIN
2021-05-04,355.0,362.9,350.2,351.5,57749307,SBIN
2021-05-05,356.5,357.45,348.0,355.4,40872501,SBIN
2021-05-06,358.0,359.35,350.55,355.55,36294427,SBIN
2021-05-07,357.5,362.0,353.0,358.25,38357618,SBIN
2021-05-10,360.5,367.0,358.8,361.7,41739324,SBIN
2021-05-11,356.85,366.4,354.75,364.65,41892770,SBIN
2021-05-12,362.8,373.5,361.9,367.7,53436590,SBIN
2021-05-14,370.0,372.5,359.55,360.45,51722170,SBIN
2021-05-17,364.4,385.2,363.65,383.1,106555796,SBIN
2021-05-18,390.0,392.55,380.05,382.25,70917710,SBIN
2021-05-19,382.0,389.5,381.2,384.4,48189573,SBIN
2021-05-20,387.0,387.8,382.0,384.55,42898608,SBIN
2021-05-21,390.0,404.4,378.0,401.2,192810772,SBIN
2021-05-24,417.0,419.2,405.3,412.05,142964052,SBIN
2021-05-25,415.1,415.5,408.5,412.35,56048127,SBIN
2021-05-26,413.8,418.75,410.8,413.55,52357719,SBIN
2021-05-27,413.7,429.1,412.0,425.2,73392997,SBIN
2021-05-28,430.5,433.65,420.05,422.05,65137568,SBIN
2021-05-31,421.0,426.0,418.0,424.35,38291043,SBIN
2021-06-01,426.05,435.35,425.6,432.55,59299647,SBIN
2021-06-02,430.8,437.95,429.15,437.25,38657806,SBIN
2021-06-03,437.0,441.95,433.5,439.65,38909199,SBIN
2021-06-04,437.5,441.9,431.75,433.6,36898769,SBIN
2021-06-07,435.1,437.4,430.8,432.25,20201197,SBIN
2021-06-08,432.25,432.5,424.0,427.2,31113823,SBIN
2021-06-09,427.5,432.3,418.2,421.45,27784834,SBIN
2021-06-10,424.9,433.3,422.4,432.25,27397712,SBIN
2021-06-11,434.85,435.5,425.25,429.6,26831924,SBIN
2021-06-14,427.0,432.45,416.7,430.35,30106015,SBIN
2021-06-15,429.2,432.8,428.0,429.5,16413658,SBIN
2021-06-16,428.0,432.75,425.0,425.95,19701175,SBIN
2021-06-17,421.0,425.95,416.6,420.25,23048331,SBIN
2021-06-18,423.9,423.9,402.65,412.9,45748727,SBIN
2021-06-21,406.35,421.0,400.5,419.75,33128978,SBIN
2021-06-22,423.0,425.45,417.3,418.65,28442965,SBIN
2021-06-23,421.1,424.75,415.0,418.85,27564829,SBIN
2021-06-24,420.35,422.75,416.3,417.2,19214547,SBIN
2021-06-25,421.0,431.0,419.05,428.8,29886797,SBIN
